^OXID^	^OXSHOPID^	^OXPARENTID^	^OXACTIVE^	^OXHIDDEN^	^OXACTIVEFROM^	^OXACTIVETO^	^OXARTNUM^	^OXEAN^	^OXDISTEAN^	^OXMPN^	^OXTITLE^	^OXSHORTDESC^	^OXPRICE^	^OXBLFIXEDPRICE^	^OXPRICEA^	^OXPRICEB^	^OXPRICEC^	^OXBPRICE^	^OXTPRICE^	^OXUNITNAME^	^OXUNITQUANTITY^	^OXEXTURL^	^OXURLDESC^	^OXURLIMG^	^OXVAT^	^OXTHUMB^	^OXICON^	^OXPIC1^	^OXPIC2^	^OXPIC3^	^OXPIC4^	^OXPIC5^	^OXPIC6^	^OXPIC7^	^OXPIC8^	^OXPIC9^	^OXPIC10^	^OXPIC11^	^OXPIC12^	^OXWEIGHT^	^OXSTOCK^	^OXSTOCKFLAG^	^OXSTOCKTEXT^	^OXNOSTOCKTEXT^	^OXDELIVERY^	^OXINSERT^	^OXTIMESTAMP^	^OXLENGTH^	^OXWIDTH^	^OXHEIGHT^	^OXFILE^	^OXSEARCHKEYS^	^OXTEMPLATE^	^OXQUESTIONEMAIL^	^OXISSEARCH^	^OXISCONFIGURABLE^	^OXVARNAME^	^OXVARSTOCK^	^OXVARCOUNT^	^OXVARSELECT^	^OXVARMINPRICE^	^OXVARMAXPRICE^	^OXVARNAME_1^	^OXVARSELECT_1^	^OXVARNAME_2^	^OXVARSELECT_2^	^OXVARNAME_3^	^OXVARSELECT_3^	^OXTITLE_1^	^OXSHORTDESC_1^	^OXURLDESC_1^	^OXSEARCHKEYS_1^	^OXTITLE_2^	^OXSHORTDESC_2^	^OXURLDESC_2^	^OXSEARCHKEYS_2^	^OXTITLE_3^	^OXSHORTDESC_3^	^OXURLDESC_3^	^OXSEARCHKEYS_3^	^OXBUNDLEID^	^OXFOLDER^	^OXSUBCLASS^	^OXSTOCKTEXT_1^	^OXSTOCKTEXT_2^	^OXSTOCKTEXT_3^	^OXNOSTOCKTEXT_1^	^OXNOSTOCKTEXT_2^	^OXNOSTOCKTEXT_3^	^OXSORT^	^OXSOLDAMOUNT^	^OXNONMATERIAL^	^OXFREESHIPPING^	^OXREMINDACTIVE^	^OXREMINDAMOUNT^	^OXAMITEMID^	^OXAMTASKID^	^OXVENDORID^	^OXMANUFACTURERID^	^OXSKIPDISCOUNTS^	^OXRATING^	^OXRATINGCNT^	^OXMINDELTIME^	^OXMAXDELTIME^	^OXDELTIMEUNIT^	^OXUPDATEPRICE^	^OXUPDATEPRICEA^	^OXUPDATEPRICEB^	^OXUPDATEPRICEC^	^OXUPDATEPRICETIME^	^OXISDOWNLOADABLE^	^OXSHOWCUSTOMAGREEMENT^
^05833e961f65616e55a2208c2ed7c6b8^	^1^	^0584e8b766a4de2177f9ed11d1587f55^	^1^	^0^	^0000-00-00 00:00:00^	^0000-00-00 00:00:00^	^400-01^	^^	^^	^^	^^	^^	^7.99^	^0^	^0^	^0^	^0^	^0^	^0^	^^	^0^	^^	^^	^^	^^	^^	^^	^^	^^	^^	^^	^^	^^	^^	^^	^^	^^	^^	^^	^0^	^6^	^1^	^^	^^	^0000-00-00^	^2010-12-06^	^2017-12-21 11:27:11^	^0^	^0^	^0^	^^	^^	^^	^^	^0^	^0^	^^	^0^	^0^	^weiß^	^0^	^0^	^^	^white^	^^	^^	^^	^^	^^	^^	^^	^^	^^	^^	^^	^^	^^	^^	^^	^^	^^	^^	^oxarticle^	^^	^^	^^	^^	^^	^^	^0^	^0^	^0^	^0^	^0^	^0^	^^	^^	^^	^^	^0^	^0^	^0^	^1^	^3^	^WEEK^	^0^	^0^	^0^	^0^	^0000-00-00 00:00:00^	^0^	^1^
^05848170643ab0deb9914566391c0c63^	^1^	^^	^1^	^0^	^0000-00-00 00:00:00^	^0000-00-00 00:00:00^	^1402^	^^	^^	^^	^Trapez ION MADTRIXX^	^Neues Freestyle Trapez mit einer schlank geschnittenen Outline^	^159^	^0^	^0^	^0^	^0^	^0^	^0^	^^	^0^	^^	^^	^^	^^	^^	^^	^ion_madtrixx_kite_waist_2011_1.jpg^	^^	^^	^^	^^	^^	^^	^^	^^	^^	^^	^^	^0^	^15^	^1^	^^	^^	^0000-00-00^	^2010-12-06^	^2017-12-21 11:27:11^	^0^	^0^	^0^	^^	^trapez, hüfttrapez, madtrixx^	^^	^^	^1^	^0^	^^	^0^	^0^	^^	^159^	^0^	^^	^^	^^	^^	^^	^^	^Harness MADTRIXX^	^New freestyle harness with a lean cut outline^	^^	^harness, hip harness, madtrixx^	^^	^^	^^	^^	^^	^^	^^	^^	^^	^^	^oxarticle^	^^	^^	^^	^^	^^	^^	^0^	^0^	^0^	^0^	^0^	^0^	^^	^^	^^	^90a0b84564cde2394491df1c673b6aa0^	^0^	^0^	^0^	^1^	^3^	^DAY^	^0^	^0^	^0^	^0^	^0000-00-00 00:00:00^	^0^	^1^
^0584e8b766a4de2177f9ed11d1587f55^	^1^	^^	^1^	^0^	^0000-00-00 00:00:00^	^0000-00-00 00:00:00^	^1501^	^^	^^	^^	^Klebeband DACRON KITEFIX^	^Ideal für kleine Reparaturen am Kite^	^7.99^	^0^	^0^	^0^	^0^	^0^	^0^	^^	^1^	^^	^^	^^	^^	^^	^^	^kitefix_self-adhesive_dacron_1.jpg^	^^	^^	^^	^^	^^	^^	^^	^^	^^	^^	^^	^0^	^50^	^1^	^^	^^	^0000-00-00^	^2010-12-06^	^2017-12-21 11:27:11^	^1.52^	^0.05^	^0^	^^	^klebeband, kite, reparieren, kitefix^	^^	^^	^1^	^0^	^Farbe^	^11^	^2^	^^	^7.99^	^7.99^	^Color^	^^	^^	^^	^^	^^	^Sticky Tape DACRON KITEFIX^	^ideal for small repairs of the kite^	^^	^sticky tape, kite, repair, kitefix^	^^	^^	^^	^^	^^	^^	^^	^^	^^	^^	^oxarticle^	^^	^^	^^	^^	^^	^^	^0^	^3^	^0^	^0^	^0^	^0^	^^	^^	^^	^^	^0^	^0^	^0^	^3^	^4^	^DAY^	^0^	^0^	^0^	^0^	^0000-00-00 00:00:00^	^0^	^1^
^058c7b525aad619d8b343c0ffada0247^	^1^	^0584e8b766a4de2177f9ed11d1587f55^	^1^	^0^	^0000-00-00 00:00:00^	^0000-00-00 00:00:00^	^400-03^	^^	^^	^^	^^	^^	^7.99^	^0^	^0^	^0^	^0^	^0^	^0^	^^	^0^	^^	^^	^^	^^	^^	^^	^^	^^	^^	^^	^^	^^	^^	^^	^^	^^	^^	^^	^0^	^5^	^1^	^^	^^	^0000-00-00^	^2010-12-06^	^2017-12-21 11:27:11^	^0^	^0^	^0^	^^	^^	^^	^^	^0^	^0^	^^	^0^	^0^	^schwarz^	^0^	^0^	^^	^black^	^^	^^	^^	^^	^^	^^	^^	^^	^^	^^	^^	^^	^^	^^	^^	^^	^^	^^	^oxarticle^	^^	^^	^^	^^	^^	^^	^0^	^0^	^0^	^0^	^0^	^0^	^^	^^	^^	^^	^0^	^0^	^0^	^3^	^4^	^DAY^	^0^	^0^	^0^	^0^	^0000-00-00 00:00:00^	^0^	^1^
^058de8224773a1d5fd54d523f0c823e0^	^1^	^^	^1^	^0^	^0000-00-00 00:00:00^	^0000-00-00 00:00:00^	^1302^	^^	^^	^^	^Kiteboard CABRINHA CALIBER 2011^	^Freestyle und Freeride Board^	^479^	^0^	^0^	^0^	^0^	^0^	^499^	^^	^0^	^^	^^	^^	^^	^^	^^	^cabrinha_caliber_2011.jpg^	^cabrinha_caliber_2011_deck.jpg^	^cabrinha_caliber_2011_bottom.jpg^	^^	^^	^^	^^	^^	^^	^^	^^	^^	^0^	^13^	^1^	^^	^^	^0000-00-00^	^2010-12-06^	^2017-12-21 11:27:11^	^0^	^0^	^0^	^^	^kiteboard, kite, board, caliber, cabrinha^	^^	^^	^1^	^0^	^^	^0^	^0^	^^	^479^	^479^	^^	^^	^^	^^	^^	^^	^Kiteboard CABRINHA CALIBER 2011^	^Freestyle und Freeride Board^	^^	^kiteboard, kite, board, caliber, cabrinha^	^^	^^	^^	^^	^^	^^	^^	^^	^^	^^	^oxarticle^	^^	^^	^^	^^	^^	^^	^0^	^2^	^0^	^0^	^0^	^0^	^^	^^	^^	^90a3eccf9d7121a9ca7d659f29021b7a^	^0^	^0^	^0^	^1^	^3^	^WEEK^	^0^	^0^	^0^	^0^	^0000-00-00 00:00:00^	^0^	^1^
^058e613db53d782adfc9f2ccb43c45fe^	^1^	^^	^1^	^0^	^0000-00-00 00:00:00^	^0000-00-00 00:00:00^	^2401^	^^	^^	^^	^Bindung O'BRIEN DECADE CT 2010^	^Geringes Gewicht, beste Performance!^	^359^	^0^	^0^	^0^	^0^	^0^	^399^	^^	^0^	^^	^^	^^	^^	^^	^^	^obrien_decade_ct_boot_2010_1.jpg^	^^	^^	^^	^^	^^	^^	^^	^^	^^	^^	^^	^0^	^16^	^1^	^^	^^	^0000-00-00^	^2010-12-06^	^2017-12-21 11:27:11^	^0^	^0^	^0^	^^	^bindung, decade, schuh, wakeboarding^	^^	^^	^1^	^0^	^^	^0^	^0^	^^	^359^	^0^	^^	^^	^^	^^	^^	^^	^Binding O'BRIEN DECADE CT 2010^	^Less weight, best performance!^	^^	^binding, decade, boot, wakeboarding^	^^	^^	^^	^^	^^	^^	^^	^^	^^	^^	^oxarticle^	^^	^^	^^	^^	^^	^^	^0^	^1^	^0^	^0^	^0^	^0^	^^	^^	^^	^^	^0^	^0^	^0^	^4^	^6^	^DAY^	^0^	^0^	^0^	^0^	^0000-00-00 00:00:00^	^0^	^1^
^09646538b54bac72b4ccb92fb5e3649f^	^1^	^943ed656e21971fb2f1827facbba9bec^	^1^	^0^	^0000-00-00 00:00:00^	^0000-00-00 00:00:00^	^0802-85-823-8^	^^	^^	^^	^^	^Lässige Jeans mit Reißverschluß über der Hosentasche, geradem und engem Beinschnitt^	^99^	^0^	^0^	^0^	^0^	^0^	^0^	^^	^0^	^^	^^	^^	^^	^thumb(1)_th.jpg^	^icon(1)_ico.jpg^	^front_z1(5).jpg^	^back_z2(5).jpg^	^^	^^	^^	^^	^^	^^	^^	^^	^^	^^	^0^	^5^	^1^	^^	^^	^0000-00-00^	^0000-00-00^	^2017-12-21 11:27:11^	^0^	^0^	^0^	^^	^kuyichi,jeans,dunkel,lässig,frisch,gerade,locker^	^^	^^	^0^	^0^	^^	^0^	^0^	^W 32/L 32 | Schwarz^	^0^	^0^	^^	^W 32/L 32 | Black ^	^^	^^	^^	^^	^^	^Casual jeans with a zipper over the pockets and straight, tight legs^	^^	^kuyichi,jeans,dark,casual,fresh,straight,cool^	^^	^^	^^	^^	^^	^^	^^	^^	^^	^^	^^	^^	^^	^^	^^	^^	^^	^13000^	^0^	^0^	^0^	^0^	^0^	^^	^^	^a57c56e3ba710eafb2225e98f058d989^	^9434afb379a46d6c141de9c9e5b94fcf^	^0^	^0^	^0^	^1^	^2^	^DAY^	^0^	^0^	^0^	^0^	^0000-00-00 00:00:00^	^0^	^1^
^0964a33fb0e51ca6b907a34fbede7c2e^	^1^	^943ed656e21971fb2f1827facbba9bec^	^1^	^0^	^0000-00-00 00:00:00^	^0000-00-00 00:00:00^	^0802-85-823-8-1^	^^	^^	^^	^^	^Lässige Jeans mit Reißverschluß über der Hosentasche, geradem und engem Beinschnitt^	^109^	^0^	^0^	^0^	^0^	^0^	^0^	^^	^0^	^^	^^	^^	^^	^detail1_z3_ico_th.jpg^	^thumb_b_ico.jpg^	^detail1_z3.jpg^	^detail2_z4.jpg^	^^	^^	^^	^^	^^	^^	^^	^^	^^	^^	^0^	^3^	^1^	^^	^^	^0000-00-00^	^0000-00-00^	^2017-12-21 11:27:11^	^0^	^0^	^0^	^^	^kuyichi,jeans,dunkel,lässig,frisch,gerade,locker^	^^	^^	^0^	^0^	^^	^0^	^0^	^W 32/L 32 | Blau^	^0^	^0^	^^	^W 32/L 32 | Blue ^	^^	^^	^^	^^	^^	^Casual jeans with a zipper over the pockets and straight, tight legs^	^^	^kuyichi,jeans,dark,casual,fresh,straight,cool^	^^	^^	^^	^^	^^	^^	^^	^^	^^	^^	^^	^^	^^	^^	^^	^^	^^	^13001^	^0^	^0^	^0^	^0^	^0^	^^	^^	^a57c56e3ba710eafb2225e98f058d989^	^9434afb379a46d6c141de9c9e5b94fcf^	^0^	^0^	^0^	^3^	^5^	^WEEK^	^0^	^0^	^0^	^0^	^0000-00-00 00:00:00^	^0^	^1^
^096a1b0849d5ffa4dd48cd388902420b^	^1^	^943ed656e21971fb2f1827facbba9bec^	^1^	^0^	^0000-00-00 00:00:00^	^0000-00-00 00:00:00^	^0802-85-823-12-1^	^^	^^	^^	^^	^Lässige Jeans mit Reißverschluß über der Hosentasche, geradem und engem Beinschnitt^	^109^	^0^	^0^	^0^	^0^	^0^	^0^	^^	^0^	^^	^^	^^	^^	^thumb_b_th.jpg^	^detail1_z3_ico_ico.jpg^	^detail1_z3(1).jpg^	^detail2_z4(1).jpg^	^^	^^	^^	^^	^^	^^	^^	^^	^^	^^	^0^	^12^	^1^	^^	^^	^0000-00-00^	^0000-00-00^	^2017-12-21 11:27:11^	^0^	^0^	^0^	^^	^kuyichi,jeans,dunkel,lässig,frisch,gerade,locker^	^^	^^	^0^	^0^	^^	^0^	^0^	^W 34/L 34 | Blau^	^0^	^0^	^^	^W 34/L 34 | Blue ^	^^	^^	^^	^^	^^	^Casual jeans with a zipper over the pockets and straight, tight legs^	^^	^kuyichi,jeans,dark,casual,fresh,straight,cool^	^^	^^	^^	^^	^^	^^	^^	^^	^^	^^	^^	^^	^^	^^	^^	^^	^^	^17001^	^0^	^0^	^0^	^0^	^0^	^^	^^	^a57c56e3ba710eafb2225e98f058d989^	^9434afb379a46d6c141de9c9e5b94fcf^	^0^	^0^	^0^	^1^	^2^	^DAY^	^0^	^0^	^0^	^0^	^0000-00-00 00:00:00^	^0^	^1^
^096e38032896a847682651d565966c45^	^1^	^943ed656e21971fb2f1827facbba9bec^	^1^	^0^	^0000-00-00 00:00:00^	^0000-00-00 00:00:00^	^0802-85-823-12^	^^	^^	^^	^^	^Lässige Jeans mit Reißverschluß über der Hosentasche, geradem und engem Beinschnitt^	^109^	^0^	^0^	^0^	^0^	^0^	^0^	^^	^0^	^^	^^	^^	^^	^thumb(2)_th.jpg^	^icon(2)_ico.jpg^	^front_z1(6).jpg^	^back_z2(6).jpg^	^^	^^	^^	^^	^^	^^	^^	^^	^^	^^	^0^	^20^	^1^	^^	^^	^0000-00-00^	^0000-00-00^	^2017-12-21 11:27:11^	^0^	^0^	^0^	^^	^kuyichi,jeans,dunkel,lässig,frisch,gerade,locker^	^^	^^	^0^	^0^	^^	^0^	^0^	^W 34/L 34 | Schwarz^	^0^	^0^	^^	^W 34/L 34 | Black ^	^^	^^	^^	^^	^^	^Casual jeans with a zipper over the pockets and straight, tight legs^	^^	^kuyichi,jeans,dark,casual,fresh,straight,cool^	^^	^^	^^	^^	^^	^^	^^	^^	^^	^^	^^	^^	^^	^^	^^	^^	^^	^17000^	^0^	^0^	^0^	^0^	^0^	^^	^^	^a57c56e3ba710eafb2225e98f058d989^	^9434afb379a46d6c141de9c9e5b94fcf^	^0^	^0^	^0^	^4^	^6^	^DAY^	^0^	^0^	^0^	^0^	^0000-00-00 00:00:00^	^0^	^1^
^10002696d80479437dda4882c77b3bd8^	^1^	^dc581d8a115035cbfb0223c9c736f513^	^1^	^0^	^0000-00-00 00:00:00^	^0000-00-00 00:00:00^	^3552-4^	^^	^^	^^	^^	^^	^29.9^	^0^	^0^	^0^	^0^	^0^	^0^	^^	^0^	^^	^^	^^	^^	^^	^^	^img_0027_1_z1(1).jpg^	^img_0030_z2(1).jpg^	^img_0032_z3(1).jpg^	^^	^^	^^	^^	^^	^^	^^	^^	^^	^0^	^2^	^1^	^^	^^	^0000-00-00^	^2011-07-18^	^2017-12-21 11:27:11^	^0^	^0^	^0^	^^	^^	^^	^^	^0^	^0^	^^	^0^	^0^	^M | orange^	^0^	^0^	^^	^M | orange^	^^	^^	^^	^^	^^	^^	^^	^^	^^	^^	^^	^^	^^	^^	^^	^^	^^	^^	^oxarticle^	^^	^^	^^	^^	^^	^^	^2^	^0^	^0^	^0^	^0^	^0^	^^	^^	^^	^^	^0^	^0^	^0^	^1^	^3^	^DAY^	^0^	^0^	^0^	^0^	^0000-00-00 00:00:00^	^0^	^1^
^10049f9322cf8852f8d567e9662cb12c^	^1^	^dc581d8a115035cbfb0223c9c736f513^	^1^	^0^	^0000-00-00 00:00:00^	^0000-00-00 00:00:00^	^3552-5^	^^	^^	^^	^^	^^	^29.9^	^0^	^0^	^0^	^0^	^0^	^0^	^^	^0^	^^	^^	^^	^^	^^	^^	^img_0019_1_z4(2).jpg^	^img_0022_z5(2).jpg^	^img_0024_z6(2).jpg^	^^	^^	^^	^^	^^	^^	^^	^^	^^	^0^	^9^	^1^	^^	^^	^0000-00-00^	^2011-07-18^	^2017-12-21 11:27:11^	^0^	^0^	^0^	^^	^^	^^	^^	^0^	^0^	^^	^0^	^0^	^L | grau^	^0^	^0^	^^	^L | gray^	^^	^^	^^	^^	^^	^^	^^	^^	^^	^^	^^	^^	^^	^^	^^	^^	^^	^^	^oxarticle^	^^	^^	^^	^^	^^	^^	^3^	^0^	^0^	^0^	^0^	^0^	^^	^^	^^	^^	^0^	^0^	^0^	^3^	^4^	^DAY^	^0^	^0^	^0^	^0^	^0000-00-00 00:00:00^	^0^	^1^
^10067ab25bf275b7e68bc0431b204d24^	^1^	^dc581d8a115035cbfb0223c9c736f513^	^1^	^0^	^0000-00-00 00:00:00^	^0000-00-00 00:00:00^	^3552-6^	^^	^^	^^	^^	^^	^29.9^	^0^	^0^	^0^	^0^	^0^	^0^	^^	^0^	^^	^^	^^	^^	^^	^^	^img_0027_1_z1(2).jpg^	^img_0030_z2(2).jpg^	^img_0032_z3(2).jpg^	^^	^^	^^	^^	^^	^^	^^	^^	^^	^0^	^1^	^1^	^^	^^	^0000-00-00^	^2011-07-18^	^2017-12-21 11:27:11^	^0^	^0^	^0^	^^	^^	^^	^^	^0^	^0^	^^	^0^	^0^	^L | orange^	^0^	^0^	^^	^L | orange^	^^	^^	^^	^^	^^	^^	^^	^^	^^	^^	^^	^^	^^	^^	^^	^^	^^	^^	^oxarticle^	^^	^^	^^	^^	^^	^^	^3^	^0^	^0^	^0^	^0^	^0^	^^	^^	^^	^^	^0^	^0^	^0^	^2^	^4^	^WEEK^	^0^	^0^	^0^	^0^	^0000-00-00 00:00:00^	^0^	^1^
^1008b12cef0476f5e941da460ba621e6^	^1^	^dc581d8a115035cbfb0223c9c736f513^	^1^	^0^	^0000-00-00 00:00:00^	^0000-00-00 00:00:00^	^3552-3^	^^	^^	^^	^^	^^	^29.9^	^0^	^0^	^0^	^0^	^0^	^0^	^^	^0^	^^	^^	^^	^^	^^	^^	^img_0019_1_z4(1).jpg^	^img_0022_z5(1).jpg^	^img_0024_z6(1).jpg^	^^	^^	^^	^^	^^	^^	^^	^^	^^	^0^	^0^	^1^	^^	^^	^0000-00-00^	^2011-07-18^	^2017-12-21 11:27:11^	^0^	^0^	^0^	^^	^^	^^	^^	^0^	^0^	^^	^0^	^0^	^M | grau^	^0^	^0^	^^	^M | gray^	^^	^^	^^	^^	^^	^^	^^	^^	^^	^^	^^	^^	^^	^^	^^	^^	^^	^^	^oxarticle^	^^	^^	^^	^^	^^	^^	^2^	^0^	^0^	^0^	^0^	^0^	^^	^^	^^	^^	^0^	^0^	^0^	^2^	^3^	^DAY^	^0^	^0^	^0^	^0^	^0000-00-00 00:00:00^	^0^	^1^
^5316bbab81c19d81d5e36e59ecd7f506^	^1^	^531f91d4ab8bfb24c4d04e473d246d0b^	^1^	^0^	^0000-00-00 00:00:00^	^0000-00-00 00:00:00^	^0601-85-069-8-1^	^^	^^	^^	^^	^Schmale Low Boot Jeans mit geradem Beinschnitt^	^89.9^	^0^	^0^	^0^	^0^	^0^	^0^	^^	^0^	^^	^^	^^	^^	^thumb_th(2)_th.jpg^	^icon_ico(2)_ico.jpg^	^front_z1(2)(1).jpg^	^back_z2(2)(1).jpg^	^detail1_z3(2)(1).jpg^	^detail2_z4(2)(1).jpg^	^^	^^	^^	^^	^^	^^	^^	^^	^0^	^5^	^1^	^^	^^	^0000-00-00^	^0000-00-00^	^2017-12-21 11:27:11^	^0^	^0^	^0^	^^	^jeans,kuyichi,modisch,dunkel^	^^	^^	^0^	^0^	^^	^0^	^0^	^W 32/L 32 | Blau^	^0^	^0^	^^	^W 32/L 32 | Blue ^	^^	^^	^^	^^	^^	^^	^^	^^	^^	^^	^^	^^	^^	^^	^^	^^	^^	^^	^^	^^	^^	^^	^^	^^	^^	^13001^	^0^	^0^	^0^	^0^	^0^	^^	^^	^a57c56e3ba710eafb2225e98f058d989^	^9434afb379a46d6c141de9c9e5b94fcf^	^0^	^0^	^0^	^1^	^2^	^DAY^	^0^	^0^	^0^	^0^	^0000-00-00 00:00:00^	^0^	^1^
^531b537118f5f4d7a427cdb825440922^	^1^	^^	^1^	^0^	^0000-00-00 00:00:00^	^0000-00-00 00:00:00^	^3570^	^^	^^	^^	^Kuyichi Jeans ANNA^	^Lässige Damenjeans von Kuyichi^	^99.9^	^0^	^0^	^0^	^0^	^0^	^0^	^^	^0^	^^	^^	^^	^^	^front(4)_v_th_th.jpg^	^front(4)_v_ico_ico.jpg^	^front(4)_v_pi.jpg^	^^	^^	^^	^^	^^	^^	^^	^^	^^	^^	^^	^0^	^17^	^1^	^^	^^	^0000-00-00^	^2009-12-14^	^2017-12-21 11:27:11^	^0^	^0^	^0^	^^	^jeans,anna,kuyichi,lässig,locker^	^^	^^	^1^	^0^	^Größe | Farbe^	^123^	^36^	^^	^92.9^	^109.9^	^Size | Color^	^^	^^	^^	^^	^^	^Kuyichi Jeans ANNA^	^Cool lady jeans by Kuyichi^	^^	^jeans,anna,kuyichi,cool,casual^	^^	^^	^^	^^	^^	^^	^^	^^	^^	^^	^oxarticle^	^^	^^	^^	^^	^^	^^	^0^	^0^	^0^	^0^	^0^	^0^	^^	^^	^a57c56e3ba710eafb2225e98f058d989^	^9434afb379a46d6c141de9c9e5b94fcf^	^0^	^0^	^0^	^2^	^4^	^WEEK^	^0^	^0^	^0^	^0^	^0000-00-00 00:00:00^	^0^	^1^
^531f91d4ab8bfb24c4d04e473d246d0b^	^1^	^^	^1^	^0^	^0000-00-00 00:00:00^	^0000-00-00 00:00:00^	^3560^	^^	^^	^^	^Kuyichi Jeans KYLE^	^Schmale Low Boot Jeans mit geradem Beinschnitt^	^89.9^	^0^	^0^	^0^	^0^	^0^	^0^	^^	^0^	^^	^^	^^	^^	^thumb_th(2).jpg^	^icon_ico(2).jpg^	^front_z1(2).jpg^	^back_z2(2).jpg^	^detail1_z3(2).jpg^	^detail2_z4(2).jpg^	^^	^^	^^	^^	^^	^^	^^	^^	^0^	^4^	^1^	^^	^^	^0000-00-00^	^2009-12-14^	^2017-12-21 11:27:11^	^0^	^0^	^0^	^^	^jeans,kuyichi,modisch,dunkel^	^^	^^	^1^	^0^	^Größe | Farbe^	^5^	^24^	^^	^89.9^	^89.9^	^Size | Color^	^^	^^	^^	^^	^^	^Kuyichi Jeans KYLE^	^Narrow low boot cut Jeans with straight legs.^	^^	^jeans,kuyichi,stylish,dark^	^^	^^	^^	^^	^^	^^	^^	^^	^^	^^	^oxarticle^	^^	^^	^^	^^	^^	^^	^0^	^0^	^0^	^0^	^0^	^0^	^^	^^	^a57c56e3ba710eafb2225e98f058d989^	^9434afb379a46d6c141de9c9e5b94fcf^	^0^	^0^	^0^	^3^	^5^	^DAY^	^0^	^0^	^0^	^0^	^0000-00-00 00:00:00^	^0^	^1^
^6b6099c305f591cb39d4314e9a823fc1^	^1^	^^	^1^	^0^	^0000-00-00 00:00:00^	^0000-00-00 00:00:00^	^3582^	^^	^^	^^	^Stewart+Brown Shirt Kisser Fish^	^Langes Shirt mit kurzen Ärmeln und farbigem Aufdruck^	^59.9^	^0^	^0^	^0^	^0^	^0^	^72.9^	^^	^0^	^^	^^	^^	^^	^thumb_th(12)(5)_th.jpg^	^icon_ico(12)(5)_ico.jpg^	^front_z1(12).jpg^	^back_z2(12).jpg^	^detail1_z3(12).jpg^	^detail2_z4(12).jpg^	^^	^^	^^	^^	^^	^^	^^	^^	^0^	^0^	^1^	^^	^^	^0000-00-00^	^2009-12-17^	^2017-12-21 11:27:11^	^0^	^0^	^0^	^^	^shirt,pima,kurz^	^^	^^	^1^	^0^	^EU-Größe | Farbe^	^100^	^10^	^^	^59.9^	^59.9^	^EU-Size | Color^	^^	^^	^^	^^	^^	^Stewart+Brown Shirt Kisser Fish^	^Long shirt with short sleeves and colored printing^	^^	^shirt,pima,short^	^^	^^	^^	^^	^^	^^	^^	^^	^^	^^	^oxarticle^	^^	^^	^^	^^	^^	^^	^0^	^0^	^0^	^0^	^0^	^0^	^^	^^	^a57c56e3ba710eafb2225e98f058d989^	^^	^0^	^0^	^0^	^3^	^5^	^DAY^	^0^	^0^	^0^	^0^	^0000-00-00 00:00:00^	^0^	^1^
^6b60d3cf6bcd898b1b66174b1cf66fd9^	^1^	^6b6099c305f591cb39d4314e9a823fc1^	^1^	^0^	^0000-00-00 00:00:00^	^0000-00-00 00:00:00^	^1629-03-CLV-5-6^	^^	^^	^^	^^	^Langes Shirt mit kurzen Ärmeln und farbigem Aufdruck^	^59.9^	^0^	^0^	^0^	^0^	^0^	^0^	^^	^0^	^^	^^	^^	^^	^thumb_th(12)v_th.jpg^	^icon_ico(12)v_ico.jpg^	^front_z1(12)v_z1.jpg^	^back_z2(12)v_z2.jpg^	^detail1_z3(12)v_z3.jpg^	^detail2_z4(12)v_z4.jpg^	^^	^^	^^	^^	^^	^^	^^	^^	^0^	^2^	^1^	^^	^^	^0000-00-00^	^0000-00-00^	^2017-12-21 11:27:11^	^0^	^0^	^0^	^^	^shirt,pima,kurz^	^^	^^	^0^	^0^	^^	^0^	^0^	^XL | Violet^	^0^	^0^	^^	^XL | Violet ^	^^	^^	^^	^^	^^	^Long shirt with short sleeves and colored printing^	^^	^shirt,pima,short^	^^	^^	^^	^^	^^	^^	^^	^^	^^	^^	^^	^^	^^	^^	^^	^^	^^	^10006^	^0^	^0^	^0^	^0^	^0^	^^	^^	^a57c56e3ba710eafb2225e98f058d989^	^^	^0^	^0^	^0^	^4^	^6^	^DAY^	^0^	^0^	^0^	^0^	^0000-00-00 00:00:00^	^0^	^1^
^6b61c8d544b8fa43b40db907e8520575^	^1^	^6b6099c305f591cb39d4314e9a823fc1^	^1^	^0^	^0000-00-00 00:00:00^	^0000-00-00 00:00:00^	^1629-03-CLV-3-5^	^^	^^	^^	^^	^Langes Shirt mit kurzen Ärmeln und farbigem Aufdruck^	^59.9^	^0^	^0^	^0^	^0^	^0^	^0^	^^	^0^	^^	^^	^^	^^	^thumb_th(12)(3)_th.jpg^	^icon_ico(12)(3)_ico.jpg^	^front_z1(12)_z1(3).jpg^	^back_z2(12)_z2(3).jpg^	^detail1_z3(12)_z3(3).jpg^	^detail2_z4(12)_z4(3).jpg^	^^	^^	^^	^^	^^	^^	^^	^^	^0^	^5^	^1^	^^	^^	^0000-00-00^	^0000-00-00^	^2017-12-21 11:27:11^	^0^	^0^	^0^	^^	^shirt,pima,kurz^	^^	^^	^0^	^0^	^^	^0^	^0^	^M | Clover^	^0^	^0^	^^	^M | Clover ^	^^	^^	^^	^^	^^	^Long shirt with short sleeves and colored printing^	^^	^shirt,pima,short^	^^	^^	^^	^^	^^	^^	^^	^^	^^	^^	^^	^^	^^	^^	^^	^^	^^	^80050^	^0^	^0^	^0^	^0^	^0^	^^	^^	^a57c56e3ba710eafb2225e98f058d989^	^^	^0^	^0^	^0^	^1^	^2^	^WEEK^	^0^	^0^	^0^	^0^	^0000-00-00 00:00:00^	^0^	^1^
^6b62700a4eb25d6c370ea2ae3807b9e3^	^1^	^6b63456b3abeeeccd9b085a76ffba1a3^	^1^	^0^	^0000-00-00 00:00:00^	^0000-00-00 00:00:00^	^0801-85-874-6-4^	^^	^^	^^	^^	^Eng geschnittene Stretch-Jeans^	^89.9^	^0^	^0^	^0^	^0^	^0^	^0^	^^	^0^	^^	^^	^^	^^	^thumb_th(7)_th.jpg^	^icon_ico(7)_ico.jpg^	^front_z1(7)(1).jpg^	^back_z2(7)(1).jpg^	^detail1_z3(7)(1).jpg^	^detail2_z4(7)(1).jpg^	^^	^^	^^	^^	^^	^^	^^	^^	^0^	^2^	^1^	^^	^^	^0000-00-00^	^0000-00-00^	^2017-12-21 11:27:11^	^0^	^0^	^0^	^^	^kuyichi,jeans,dunkel,eng^	^^	^^	^0^	^0^	^^	^0^	^0^	^W 31/L 34 | Dark Blue^	^0^	^0^	^^	^W 31/L 34 | Dark Blue ^	^^	^^	^^	^^	^^	^Tight cut stretch jeans^	^^	^kuyichi,jeans,dark,tight^	^^	^^	^^	^^	^^	^^	^^	^^	^^	^^	^^	^^	^^	^^	^^	^^	^^	^11004^	^0^	^0^	^0^	^0^	^0^	^^	^^	^a57c56e3ba710eafb2225e98f058d989^	^9434afb379a46d6c141de9c9e5b94fcf^	^0^	^0^	^0^	^4^	^6^	^DAY^	^0^	^0^	^0^	^0^	^0000-00-00 00:00:00^	^0^	^1^
^6b628e6a8ffa98fea6f2ee9d708b1b23^	^1^	^531b537118f5f4d7a427cdb825440922^	^1^	^0^	^0000-00-00 00:00:00^	^0000-00-00 00:00:00^	^0702-85-853-6-1^	^^	^^	^^	^^	^Lässige Damenjeans von Kuyichi^	^92.9^	^0^	^0^	^0^	^0^	^0^	^0^	^^	^0^	^^	^^	^^	^^	^thumb_th(4)_th.jpg^	^icon_ico(4)_ico.jpg^	^front_z1(4).jpg^	^back_z2(4).jpg^	^detail1_z3(4).jpg^	^detail2_z4(4).jpg^	^^	^^	^^	^^	^^	^^	^^	^^	^0^	^22^	^1^	^^	^^	^0000-00-00^	^0000-00-00^	^2017-12-21 11:27:11^	^0^	^0^	^0^	^^	^jeans,anna,kuyichi,lässig,locker^	^^	^^	^0^	^0^	^^	^0^	^0^	^W 31/L 34 | Blau^	^0^	^0^	^^	^W 31/L 34 | Blue^	^^	^^	^^	^^	^^	^Cool lady jeans by Kuyichi^	^^	^jeans,anna,kuyichi,cool,casual^	^^	^^	^^	^^	^^	^^	^^	^^	^^	^^	^^	^^	^^	^^	^^	^^	^^	^11001^	^0^	^0^	^0^	^0^	^0^	^^	^^	^a57c56e3ba710eafb2225e98f058d989^	^9434afb379a46d6c141de9c9e5b94fcf^	^0^	^0^	^0^	^2^	^3^	^DAY^	^0^	^0^	^0^	^0^	^0000-00-00 00:00:00^	^0^	^1^
^6b62dc6bf5b7723743d514eb1b7a7f87^	^1^	^6b63f459c781fa42edeb889242304014^	^1^	^0^	^0000-00-00 00:00:00^	^0000-00-00 00:00:00^	^1607-02-WHT-5-7^	^^	^^	^^	^^	^Leichtes, ärmelloses Träger-Longshirt aus Pimabaumwolle für heiße Sommertage^	^49.9^	^0^	^0^	^0^	^0^	^0^	^0^	^^	^0^	^^	^^	^^	^^	^thumb_th(15)_th.jpg^	^icon_ico(15)_ico.jpg^	^front_z1(15)_z1.jpg^	^back_z2(15)_z2.jpg^	^detail1_z3(15)_z3.jpg^	^detail2_z4(15)_z4.jpg^	^^	^^	^^	^^	^^	^^	^^	^^	^0^	^1^	^1^	^^	^^	^0000-00-00^	^0000-00-00^	^2017-12-21 11:27:11^	^0^	^0^	^0^	^^	^shirt,pima,ärmellos,träger,lässig,locker^	^^	^^	^0^	^0^	^^	^0^	^0^	^XL | White^	^0^	^0^	^^	^XL | White ^	^^	^^	^^	^^	^^	^Cushy sleeveless long shirt from Pima cotton for hot summer days^	^^	^shirt,pima,sleeveless,suspenders,casual,cool^	^^	^^	^^	^^	^^	^^	^^	^^	^^	^^	^^	^^	^^	^^	^^	^^	^^	^10007^	^0^	^0^	^0^	^0^	^0^	^^	^^	^a57c56e3ba710eafb2225e98f058d989^	^^	^0^	^0^	^0^	^2^	^3^	^WEEK^	^0^	^0^	^0^	^0^	^0000-00-00 00:00:00^	^0^	^1^
^6b63456b3abeeeccd9b085a76ffba1a3^	^1^	^^	^1^	^0^	^0000-00-00 00:00:00^	^0000-00-00 00:00:00^	^3571^	^^	^^	^^	^Kuyichi Jeans CANDY^	^Eng geschnittene Stretch-Jeans^	^89.9^	^0^	^0^	^0^	^0^	^0^	^0^	^^	^0^	^^	^^	^^	^^	^thumb_th(7).jpg^	^icon_ico(7).jpg^	^front_z1(7).jpg^	^back_z2(7).jpg^	^detail1_z3(7).jpg^	^detail2_z4(7).jpg^	^^	^^	^^	^^	^^	^^	^^	^^	^0^	^26^	^1^	^^	^^	^0000-00-00^	^2009-12-17^	^2017-12-21 11:27:11^	^0^	^0^	^0^	^^	^kuyichi,jeans,dunkel,eng^	^^	^^	^1^	^0^	^Größe | Farbe^	^37^	^24^	^^	^89.9^	^89.9^	^Size | Color^	^^	^^	^^	^^	^^	^Kuyichi Jeans CANDY^	^Tight cut stretch jeans^	^^	^kuyichi,jeans,dark,tight^	^^	^^	^^	^^	^^	^^	^^	^^	^^	^^	^oxarticle^	^^	^^	^^	^^	^^	^^	^0^	^0^	^0^	^0^	^0^	^0^	^^	^^	^a57c56e3ba710eafb2225e98f058d989^	^9434afb379a46d6c141de9c9e5b94fcf^	^0^	^0^	^0^	^4^	^6^	^WEEK^	^0^	^0^	^0^	^0^	^0000-00-00 00:00:00^	^0^	^1^
^6b6379a9e39321be9bec6b120ca2ae6a^	^1^	^6b6099c305f591cb39d4314e9a823fc1^	^1^	^0^	^0000-00-00 00:00:00^	^0000-00-00 00:00:00^	^1629-03-CLV-2-5^	^^	^^	^^	^^	^Langes Shirt mit kurzen Ärmeln und farbigem Aufdruck^	^59.9^	^0^	^0^	^0^	^0^	^0^	^0^	^^	^0^	^^	^^	^^	^^	^thumb_th(12)(2)_th.jpg^	^icon_ico(12)(2)_ico.jpg^	^front_z1(12)_z1(2).jpg^	^back_z2(12)_z2(2).jpg^	^detail1_z3(12)_z3(2).jpg^	^detail2_z4(12)_z4(2).jpg^	^^	^^	^^	^^	^^	^^	^^	^^	^0^	^19^	^1^	^^	^^	^0000-00-00^	^0000-00-00^	^2017-12-21 11:27:11^	^0^	^0^	^0^	^^	^shirt,pima,kurz^	^^	^^	^0^	^0^	^^	^0^	^0^	^S | Clover^	^0^	^0^	^^	^S | Clover ^	^^	^^	^^	^^	^^	^Long shirt with short sleeves and colored printing^	^^	^shirt,pima,short^	^^	^^	^^	^^	^^	^^	^^	^^	^^	^^	^^	^^	^^	^^	^^	^^	^^	^70050^	^0^	^0^	^0^	^0^	^0^	^^	^^	^a57c56e3ba710eafb2225e98f058d989^	^^	^0^	^0^	^0^	^2^	^4^	^DAY^	^0^	^0^	^0^	^0^	^0000-00-00 00:00:00^	^0^	^1^
^6b638d6f1f0e86a0d5ecfc8c7d952711^	^1^	^6b6099c305f591cb39d4314e9a823fc1^	^1^	^0^	^0000-00-00 00:00:00^	^0000-00-00 00:00:00^	^1629-03-CLV-1-6^	^^	^^	^^	^^	^Langes Shirt mit kurzen Ärmeln und farbigem Aufdruck^	^59.9^	^0^	^0^	^0^	^0^	^0^	^0^	^^	^0^	^^	^^	^^	^^	^thumb_th(12)v(1)_th.jpg^	^icon_ico(12)v(1)_ico.jpg^	^front_z1(12)v_z1(1).jpg^	^back_z2(12)v_z2(1).jpg^	^detail1_z3(12)v_z3(1).jpg^	^detail2_z4(12)v_z4(1).jpg^	^^	^^	^^	^^	^^	^^	^^	^^	^0^	^4^	^1^	^^	^^	^0000-00-00^	^0000-00-00^	^2017-12-21 11:27:11^	^0^	^0^	^0^	^^	^shirt,pima,kurz^	^^	^^	^0^	^0^	^^	^0^	^0^	^XS | Violet^	^0^	^0^	^^	^XS | Violet ^	^^	^^	^^	^^	^^	^Long shirt with short sleeves and colored printing^	^^	^shirt,pima,short^	^^	^^	^^	^^	^^	^^	^^	^^	^^	^^	^^	^^	^^	^^	^^	^^	^^	^60060^	^0^	^0^	^0^	^0^	^0^	^^	^^	^a57c56e3ba710eafb2225e98f058d989^	^^	^0^	^0^	^0^	^1^	^3^	^WEEK^	^0^	^0^	^0^	^0^	^0000-00-00 00:00:00^	^0^	^1^
^6b639ae07ba1176e1d275e4eb83433fc^	^1^	^6b6ac464656c16c90d671721c93dc6ba^	^1^	^0^	^0000-00-00 00:00:00^	^0000-00-00 00:00:00^	^1810-00-NOC-1-8^	^^	^^	^^	^^	^Raffiniertes Langarm-Shirt^	^59.9^	^0^	^0^	^0^	^0^	^0^	^0^	^^	^0^	^^	^^	^^	^^	^thumb_th(16)(2)_th.jpg^	^icon_ico(16)(2)_ico.jpg^	^front_z1(16)_z1(2).jpg^	^back_z2(16)_z2(2).jpg^	^detail1_z3(16)_z3(2).jpg^	^detail2_z4(16)_z4(2).jpg^	^^	^^	^^	^^	^^	^^	^^	^^	^0^	^8^	^1^	^^	^^	^0000-00-00^	^0000-00-00^	^2017-12-21 11:27:11^	^0^	^0^	^0^	^^	^shirt,pima,langarm^	^^	^^	^0^	^0^	^^	^0^	^0^	^XS | Nocturne^	^0^	^0^	^^	^XS | Nocturne ^	^^	^^	^^	^^	^^	^Subtle long-arm shirt^	^^	^shirt,pima,long-sleeve^	^^	^^	^^	^^	^^	^^	^^	^^	^^	^^	^^	^^	^^	^^	^^	^^	^^	^60080^	^0^	^0^	^0^	^0^	^0^	^^	^^	^a57c56e3ba710eafb2225e98f058d989^	^^	^0^	^0^	^0^	^4^	^5^	^WEEK^	^0^	^0^	^0^	^0^	^0000-00-00 00:00:00^	^0^	^1^
^6b63ed599fcfa07768dbfbd93991543b^	^1^	^6b66d82af984e5ad46b9cb27b1ef8aae^	^1^	^0^	^0000-00-00 00:00:00^	^0000-00-00 00:00:00^	^85-8573-846-8-4^	^^	^^	^^	^^	^Spitzenjeans in verschiedenen Waschungen^	^89.9^	^0^	^0^	^0^	^0^	^0^	^0^	^^	^0^	^^	^^	^^	^^	^thumb_th(9)(1)_th.jpg^	^icon_ico(9)(1)_ico.jpg^	^front_z1(9)(2).jpg^	^back_z2(9)(2).jpg^	^detail1_z3(9)(2).jpg^	^detail2_z4(9)(2).jpg^	^^	^^	^^	^^	^^	^^	^^	^^	^0^	^0^	^1^	^^	^^	^0000-00-00^	^0000-00-00^	^2017-12-21 11:27:11^	^0^	^0^	^0^	^^	^kuyichi,jeans,dunkel,gerade,hüftjeans^	^^	^^	^0^	^0^	^^	^0^	^0^	^W 32/L 32 | Dark Blue | Bangle Blue^	^0^	^0^	^^	^W 32/L 32 | Dark Blue | Bangle Blue ^	^^	^^	^^	^^	^^	^Leading jeans for repeated washing^	^^	^kuyichi,jeans,dark,straight^	^^	^^	^^	^^	^^	^^	^^	^^	^^	^^	^^	^^	^^	^^	^^	^^	^^	^13004^	^0^	^0^	^0^	^0^	^0^	^^	^^	^a57c56e3ba710eafb2225e98f058d989^	^9434afb379a46d6c141de9c9e5b94fcf^	^0^	^0^	^0^	^4^	^5^	^DAY^	^0^	^0^	^0^	^0^	^0000-00-00 00:00:00^	^0^	^1^
^6b63f459c781fa42edeb889242304014^	^1^	^^	^1^	^0^	^0000-00-00 00:00:00^	^0000-00-00 00:00:00^	^3583^	^^	^^	^^	^Stewart+Brown Organic Pima Edged Lengthen^	^Leichtes, ärmelloses Träger-Longshirt aus Pimabaumwolle für heiße Sommertage^	^49.9^	^0^	^0^	^0^	^0^	^0^	^69.9^	^^	^0^	^^	^^	^^	^^	^thumb_th(15)(5)_th.jpg^	^icon_ico(15)_ico.jpg^	^front_z1(15).jpg^	^back_z2(15).jpg^	^detail1_z3(15).jpg^	^detail2_z4(15).jpg^	^^	^^	^^	^^	^^	^^	^^	^^	^0^	^0^	^1^	^^	^^	^0000-00-00^	^2009-12-17^	^2017-12-21 11:27:11^	^0^	^0^	^0^	^^	^shirt,pima,ärmellos,träger,lässig,locker^	^^	^^	^1^	^0^	^EU-Größe | Farbe^	^17^	^5^	^^	^49.9^	^49.9^	^EU-Size | Color^	^^	^^	^^	^^	^^	^Stewart+Brown Organic Pima Edged Lengthen^	^Cushy sleeveless long shirt from Pima cotton for hot summer days^	^^	^shirt,pima,sleeveless,suspenders,casual,cool^	^^	^^	^^	^^	^^	^^	^^	^^	^^	^^	^oxarticle^	^^	^^	^^	^^	^^	^^	^0^	^0^	^0^	^0^	^0^	^0^	^^	^^	^a57c56e3ba710eafb2225e98f058d989^	^^	^0^	^0^	^0^	^3^	^4^	^WEEK^	^0^	^0^	^0^	^0^	^0000-00-00 00:00:00^	^0^	^1^
^6b65295a7fe5fa6faaa2f0ac3f9b0f80^	^1^	^531b537118f5f4d7a427cdb825440922^	^1^	^0^	^0000-00-00 00:00:00^	^0000-00-00 00:00:00^	^0702-85-853-12-1^	^^	^^	^^	^^	^Lässige Damenjeans von Kuyichi^	^109.9^	^0^	^0^	^0^	^0^	^0^	^0^	^^	^0^	^^	^^	^^	^^	^thumb_th(4)(1)_th.jpg^	^icon_ico(4)(1)_ico.jpg^	^front_z1(4)(1).jpg^	^back_z2(4)(1).jpg^	^detail1_z3(4)(1).jpg^	^detail2_z4(4)(1).jpg^	^^	^^	^^	^^	^^	^^	^^	^^	^0^	^12^	^1^	^^	^^	^0000-00-00^	^0000-00-00^	^2017-12-21 11:27:11^	^0^	^0^	^0^	^^	^jeans,anna,kuyichi,lässig,locker^	^^	^^	^0^	^0^	^^	^0^	^0^	^W 34/L 34 | Blau^	^0^	^0^	^^	^W 34/L 34 | Blue ^	^^	^^	^^	^^	^^	^Cool lady jeans by Kuyichi^	^^	^jeans,anna,kuyichi,cool,casual^	^^	^^	^^	^^	^^	^^	^^	^^	^^	^^	^^	^^	^^	^^	^^	^^	^^	^17001^	^0^	^0^	^0^	^0^	^0^	^^	^^	^a57c56e3ba710eafb2225e98f058d989^	^9434afb379a46d6c141de9c9e5b94fcf^	^0^	^0^	^0^	^1^	^3^	^WEEK^	^0^	^0^	^0^	^0^	^0000-00-00 00:00:00^	^0^	^1^
^6b656e13b102aa6c58288a704f53b16c^	^1^	^6b6099c305f591cb39d4314e9a823fc1^	^1^	^0^	^0000-00-00 00:00:00^	^0000-00-00 00:00:00^	^1629-03-CLV-3-6^	^^	^^	^^	^^	^Langes Shirt mit kurzen Ärmeln und farbigem Aufdruck^	^59.9^	^0^	^0^	^0^	^0^	^0^	^0^	^^	^0^	^^	^^	^^	^^	^thumb_th(12)v(3)_th.jpg^	^icon_ico(12)v(3)_ico.jpg^	^front_z1(12)v_z1(3).jpg^	^back_z2(12)v_z2(3).jpg^	^detail1_z3(12)v_z3(3).jpg^	^detail2_z4(12)v_z4(3).jpg^	^^	^^	^^	^^	^^	^^	^^	^^	^0^	^9^	^1^	^^	^^	^0000-00-00^	^0000-00-00^	^2017-12-21 11:27:11^	^0^	^0^	^0^	^^	^shirt,pima,kurz^	^^	^^	^0^	^0^	^^	^0^	^0^	^M | Violet^	^0^	^0^	^^	^M | Violet ^	^^	^^	^^	^^	^^	^Long shirt with short sleeves and colored printing^	^^	^shirt,pima,short^	^^	^^	^^	^^	^^	^^	^^	^^	^^	^^	^^	^^	^^	^^	^^	^^	^^	^80060^	^0^	^0^	^0^	^0^	^0^	^^	^^	^a57c56e3ba710eafb2225e98f058d989^	^^	^0^	^0^	^0^	^1^	^2^	^DAY^	^0^	^0^	^0^	^0^	^0000-00-00 00:00:00^	^0^	^1^
^6b658df8dddb9f924f2c0cf52c716d0a^	^1^	^6b6b09a02f3c78adb5771bce215ec265^	^1^	^0^	^0000-00-00 00:00:00^	^0000-00-00 00:00:00^	^0901-35-352-4^	^^	^^	^^	^^	^Stretch-Jersey Longsleeve^	^29.9^	^0^	^0^	^0^	^0^	^0^	^0^	^^	^0^	^^	^^	^^	^^	^thumb_th(14)(5)_th.jpg^	^icon_ico(14)(5)_ico.jpg^	^front_z1(14)_z1(5).jpg^	^back_z2(14)_z2(5).jpg^	^detail1_z3(14)_z3(5).jpg^	^detail2_z4(14)_z4(5).jpg^	^^	^^	^^	^^	^^	^^	^^	^^	^0^	^9^	^1^	^^	^^	^0000-00-00^	^0000-00-00^	^2017-12-21 11:27:11^	^0^	^0^	^0^	^^	^kuyichi,shirt,pima,langarm,longsleeve^	^^	^^	^0^	^0^	^^	^0^	^0^	^L | Schwarz^	^0^	^0^	^^	^L | Black^	^^	^^	^^	^^	^^	^Stretch-Jersey Longsleeve^	^^	^kuyichi,shirt,pima,longsleeve^	^^	^^	^^	^^	^^	^^	^^	^^	^^	^^	^^	^^	^^	^^	^^	^^	^^	^90000^	^0^	^0^	^0^	^0^	^0^	^^	^^	^a57c56e3ba710eafb2225e98f058d989^	^9434afb379a46d6c141de9c9e5b94fcf^	^0^	^0^	^0^	^2^	^3^	^DAY^	^0^	^0^	^0^	^0^	^0000-00-00 00:00:00^	^0^	^1^
^6b65c65f6dc3a692821776079686a9dd^	^1^	^6b6099c305f591cb39d4314e9a823fc1^	^1^	^0^	^0000-00-00 00:00:00^	^0000-00-00 00:00:00^	^1629-03-CLV-4-5^	^^	^^	^^	^^	^Langes Shirt mit kurzen Ärmeln und farbigem Aufdruck^	^59.9^	^0^	^0^	^0^	^0^	^0^	^0^	^^	^0^	^^	^^	^^	^^	^thumb_th(12)(4)_th.jpg^	^icon_ico(12)(4)_ico.jpg^	^front_z1(12)_z1(4).jpg^	^back_z2(12)_z2(4).jpg^	^detail1_z3(12)_z3(4).jpg^	^detail2_z4(12)_z4(4).jpg^	^^	^^	^^	^^	^^	^^	^^	^^	^0^	^17^	^1^	^^	^^	^0000-00-00^	^0000-00-00^	^2017-12-21 11:27:11^	^0^	^0^	^0^	^^	^shirt,pima,kurz^	^^	^^	^0^	^0^	^^	^0^	^0^	^L | Clover^	^0^	^0^	^^	^L | Clover ^	^^	^^	^^	^^	^^	^Long shirt with short sleeves and colored printing^	^^	^shirt,pima,short^	^^	^^	^^	^^	^^	^^	^^	^^	^^	^^	^^	^^	^^	^^	^^	^^	^^	^90050^	^0^	^0^	^0^	^0^	^0^	^^	^^	^a57c56e3ba710eafb2225e98f058d989^	^^	^0^	^0^	^0^	^3^	^4^	^DAY^	^0^	^0^	^0^	^0^	^0000-00-00 00:00:00^	^0^	^1^
^6b65c82bfe8fa19865d560f8c1a905b4^	^1^	^531b537118f5f4d7a427cdb825440922^	^1^	^0^	^0000-00-00 00:00:00^	^0000-00-00 00:00:00^	^0702-85-853-1-2^	^^	^^	^^	^^	^Lässige Damenjeans von Kuyichi^	^99.9^	^0^	^0^	^0^	^0^	^0^	^0^	^^	^0^	^^	^^	^^	^^	^thumb_th(4)sg(2)_th.jpg^	^icon_ico(4)sg(2)_ico.jpg^	^front_z1(4)sg(2).jpg^	^back_z2(4)sg(2).jpg^	^detail1_z3(4)sg(2).jpg^	^detail2_z4(4)sg(2).jpg^	^^	^^	^^	^^	^^	^^	^^	^^	^0^	^21^	^1^	^^	^^	^0000-00-00^	^0000-00-00^	^2017-12-21 11:27:11^	^0^	^0^	^0^	^^	^jeans,anna,kuyichi,lässig,locker^	^^	^^	^0^	^0^	^^	^0^	^0^	^W 30/L 30 | Smoke Gray^	^0^	^0^	^^	^W 30/L 30 | Smoke Gray ^	^^	^^	^^	^^	^^	^Cool lady jeans by Kuyichi^	^^	^jeans,anna,kuyichi,cool,casual^	^^	^^	^^	^^	^^	^^	^^	^^	^^	^^	^^	^^	^^	^^	^^	^^	^^	^10102^	^0^	^0^	^0^	^0^	^0^	^^	^^	^a57c56e3ba710eafb2225e98f058d989^	^9434afb379a46d6c141de9c9e5b94fcf^	^0^	^0^	^0^	^3^	^5^	^DAY^	^0^	^0^	^0^	^0^	^0000-00-00 00:00:00^	^0^	^1^
^6b660e2ac4d79901d9367c490f4f7cf4^	^1^	^6b6099c305f591cb39d4314e9a823fc1^	^1^	^0^	^0000-00-00 00:00:00^	^0000-00-00 00:00:00^	^1629-03-CLV-1-5^	^^	^^	^^	^^	^Langes Shirt mit kurzen Ärmeln und farbigem Aufdruck^	^59.9^	^0^	^0^	^0^	^0^	^0^	^0^	^^	^0^	^^	^^	^^	^^	^thumb_th(12)(1)_th.jpg^	^icon_ico(12)(1)_ico.jpg^	^front_z1(12)_z1(1).jpg^	^back_z2(12)_z2(1).jpg^	^detail1_z3(12)_z3(1).jpg^	^detail2_z4(12)_z4(1).jpg^	^^	^^	^^	^^	^^	^^	^^	^^	^0^	^12^	^1^	^^	^^	^0000-00-00^	^0000-00-00^	^2017-12-21 11:27:11^	^0^	^0^	^0^	^^	^shirt,pima,kurz^	^^	^^	^0^	^0^	^^	^0^	^0^	^XS | Clover^	^0^	^0^	^^	^XS | Clover ^	^^	^^	^^	^^	^^	^Long shirt with short sleeves and colored printing^	^^	^shirt,pima,short^	^^	^^	^^	^^	^^	^^	^^	^^	^^	^^	^^	^^	^^	^^	^^	^^	^^	^60050^	^0^	^0^	^0^	^0^	^0^	^^	^^	^a57c56e3ba710eafb2225e98f058d989^	^^	^0^	^0^	^0^	^4^	^5^	^WEEK^	^0^	^0^	^0^	^0^	^0000-00-00 00:00:00^	^0^	^1^
^6b661dda79318ca64ca06e97e4fbcb0a^	^1^	^6b6ac464656c16c90d671721c93dc6ba^	^1^	^0^	^0000-00-00 00:00:00^	^0000-00-00 00:00:00^	^1810-00-NOC-3-8^	^^	^^	^^	^^	^Raffiniertes Langarm-Shirt^	^59.9^	^0^	^0^	^0^	^0^	^0^	^0^	^^	^0^	^^	^^	^^	^^	^thumb_th(16)(4)_th.jpg^	^icon_ico(16)(4)_ico.jpg^	^front_z1(16)_z1(4).jpg^	^back_z2(16)_z2(4).jpg^	^detail1_z3(16)_z3(4).jpg^	^detail2_z4(16)_z4(4).jpg^	^^	^^	^^	^^	^^	^^	^^	^^	^0^	^11^	^1^	^^	^^	^0000-00-00^	^0000-00-00^	^2017-12-21 11:27:11^	^0^	^0^	^0^	^^	^shirt,pima,langarm^	^^	^^	^0^	^0^	^^	^0^	^0^	^M | Nocturne^	^0^	^0^	^^	^M | Nocturne ^	^^	^^	^^	^^	^^	^Subtle long-arm shirt^	^^	^shirt,pima,long-sleeve^	^^	^^	^^	^^	^^	^^	^^	^^	^^	^^	^^	^^	^^	^^	^^	^^	^^	^80080^	^0^	^0^	^0^	^0^	^0^	^^	^^	^a57c56e3ba710eafb2225e98f058d989^	^^	^0^	^0^	^0^	^3^	^5^	^DAY^	^0^	^0^	^0^	^0^	^0000-00-00 00:00:00^	^0^	^1^
^6b6676229f642918aea304b6e4881553^	^1^	^6b6ac464656c16c90d671721c93dc6ba^	^1^	^0^	^0000-00-00 00:00:00^	^0000-00-00 00:00:00^	^1810-00-NOC-2-8^	^^	^^	^^	^^	^Raffiniertes Langarm-Shirt^	^59.9^	^0^	^0^	^0^	^0^	^0^	^0^	^^	^0^	^^	^^	^^	^^	^thumb_th(16)(3)_th.jpg^	^icon_ico(16)(3)_ico.jpg^	^front_z1(16)_z1(3).jpg^	^back_z2(16)_z2(3).jpg^	^detail1_z3(16)_z3(3).jpg^	^detail2_z4(16)_z4(3).jpg^	^^	^^	^^	^^	^^	^^	^^	^^	^0^	^7^	^1^	^^	^^	^0000-00-00^	^0000-00-00^	^2017-12-21 11:27:11^	^0^	^0^	^0^	^^	^shirt,pima,langarm^	^^	^^	^0^	^0^	^^	^0^	^0^	^S | Nocturne^	^0^	^0^	^^	^S | Nocturne ^	^^	^^	^^	^^	^^	^Subtle long-arm shirt^	^^	^shirt,pima,long-sleeve^	^^	^^	^^	^^	^^	^^	^^	^^	^^	^^	^^	^^	^^	^^	^^	^^	^^	^70080^	^0^	^0^	^0^	^0^	^0^	^^	^^	^a57c56e3ba710eafb2225e98f058d989^	^^	^0^	^0^	^0^	^1^	^2^	^WEEK^	^0^	^0^	^0^	^0^	^0000-00-00 00:00:00^	^0^	^1^
^6b667c30791dc05dfc0223038beeff74^	^1^	^6b6b09a02f3c78adb5771bce215ec265^	^1^	^0^	^0000-00-00 00:00:00^	^0000-00-00 00:00:00^	^0901-35-352-1^	^^	^^	^^	^^	^Stretch-Jersey Longsleeve^	^29.9^	^0^	^0^	^0^	^0^	^0^	^0^	^^	^0^	^^	^^	^^	^^	^thumb_th(14)(2)_th.jpg^	^icon_ico(14)(2)_ico.jpg^	^front_z1(14)_z1(2).jpg^	^back_z2(14)_z2(2).jpg^	^detail1_z3(14)_z3(2).jpg^	^detail2_z4(14)_z4(2).jpg^	^^	^^	^^	^^	^^	^^	^^	^^	^0^	^19^	^1^	^^	^^	^0000-00-00^	^0000-00-00^	^2017-12-21 11:27:11^	^0^	^0^	^0^	^^	^kuyichi,shirt,pima,langarm,longsleeve^	^^	^^	^0^	^0^	^^	^0^	^0^	^XS | Schwarz^	^0^	^0^	^^	^XS | Black^	^^	^^	^^	^^	^^	^Stretch-Jersey Longsleeve^	^^	^kuyichi,shirt,pima,longsleeve^	^^	^^	^^	^^	^^	^^	^^	^^	^^	^^	^^	^^	^^	^^	^^	^^	^^	^60000^	^0^	^0^	^0^	^0^	^0^	^^	^^	^a57c56e3ba710eafb2225e98f058d989^	^9434afb379a46d6c141de9c9e5b94fcf^	^0^	^0^	^0^	^4^	^6^	^DAY^	^0^	^0^	^0^	^0^	^0000-00-00 00:00:00^	^0^	^1^
^6b66d82af984e5ad46b9cb27b1ef8aae^	^1^	^^	^1^	^0^	^0000-00-00 00:00:00^	^0000-00-00 00:00:00^	^3572^	^^	^^	^^	^Kuyichi Jeans SUGAR^	^Spitzenjeans in verschiedenen Waschungen^	^89.9^	^0^	^0^	^0^	^0^	^0^	^0^	^^	^0^	^^	^^	^^	^^	^thumb_th(9).jpg^	^icon_ico(9).jpg^	^front_z1(9).jpg^	^back_z2(9).jpg^	^detail1_z3(9).jpg^	^detail2_z4(9).jpg^	^^	^^	^^	^^	^^	^^	^^	^^	^0^	^14^	^1^	^^	^^	^0000-00-00^	^2009-12-17^	^2017-12-21 11:27:11^	^0^	^0^	^0^	^^	^kuyichi,jeans,dunkel,gerade,hüftjeans^	^^	^^	^1^	^0^	^Größe | Farbe | Washing^	^5^	^24^	^^	^89.9^	^89.9^	^Size | Color | Washing^	^^	^^	^^	^^	^^	^Kuyichi Jeans SUGAR^	^Leading jeans for repeated washing^	^^	^kuyichi,jeans,dark,straight^	^^	^^	^^	^^	^^	^^	^^	^^	^^	^^	^oxarticle^	^^	^^	^^	^^	^^	^^	^0^	^0^	^0^	^0^	^0^	^0^	^^	^^	^a57c56e3ba710eafb2225e98f058d989^	^9434afb379a46d6c141de9c9e5b94fcf^	^0^	^0^	^0^	^3^	^5^	^DAY^	^0^	^0^	^0^	^0^	^0000-00-00 00:00:00^	^0^	^1^
^6b679ba1f246d4de2e569ce37a2cd666^	^1^	^6b6099c305f591cb39d4314e9a823fc1^	^1^	^0^	^0000-00-00 00:00:00^	^0000-00-00 00:00:00^	^1629-03-CLV-5-5^	^^	^^	^^	^^	^Langes Shirt mit kurzen Ärmeln und farbigem Aufdruck^	^59.9^	^0^	^0^	^0^	^0^	^0^	^0^	^^	^0^	^^	^^	^^	^^	^^	^icon_ico(12)_ico.jpg^	^front_z1(12)_z1.jpg^	^back_z2(12)_z2.jpg^	^detail1_z3(12)_z3.jpg^	^detail2_z4(12)_z4.jpg^	^^	^^	^^	^^	^^	^^	^^	^^	^0^	^1^	^1^	^^	^^	^0000-00-00^	^0000-00-00^	^2017-12-21 11:27:11^	^0^	^0^	^0^	^^	^shirt,pima,kurz^	^^	^^	^0^	^0^	^^	^0^	^0^	^XL | Clover^	^0^	^0^	^^	^XL | Clover ^	^^	^^	^^	^^	^^	^Long shirt with short sleeves and colored printing^	^^	^shirt,pima,short^	^^	^^	^^	^^	^^	^^	^^	^^	^^	^^	^^	^^	^^	^^	^^	^^	^^	^10005^	^0^	^0^	^0^	^0^	^0^	^^	^^	^a57c56e3ba710eafb2225e98f058d989^	^^	^0^	^0^	^0^	^3^	^5^	^DAY^	^0^	^0^	^0^	^0^	^0000-00-00 00:00:00^	^0^	^1^
^6b6845d4bc4d899ebb9310d12210ad30^	^1^	^6b6099c305f591cb39d4314e9a823fc1^	^1^	^0^	^0000-00-00 00:00:00^	^0000-00-00 00:00:00^	^1629-03-CLV-2-6^	^^	^^	^^	^^	^Langes Shirt mit kurzen Ärmeln und farbigem Aufdruck^	^59.9^	^0^	^0^	^0^	^0^	^0^	^0^	^^	^0^	^^	^^	^^	^^	^thumb_th(12)v(2)_th.jpg^	^icon_ico(12)v(2)_ico.jpg^	^front_z1(12)v_z1(2).jpg^	^back_z2(12)v_z2(2).jpg^	^detail1_z3(12)v_z3(2).jpg^	^detail2_z4(12)v_z4(2).jpg^	^^	^^	^^	^^	^^	^^	^^	^^	^0^	^18^	^1^	^^	^^	^0000-00-00^	^0000-00-00^	^2017-12-21 11:27:11^	^0^	^0^	^0^	^^	^shirt,pima,kurz^	^^	^^	^0^	^0^	^^	^0^	^0^	^S | Violet^	^0^	^0^	^^	^S | Violet ^	^^	^^	^^	^^	^^	^Long shirt with short sleeves and colored printing^	^^	^shirt,pima,short^	^^	^^	^^	^^	^^	^^	^^	^^	^^	^^	^^	^^	^^	^^	^^	^^	^^	^70060^	^0^	^0^	^0^	^0^	^0^	^^	^^	^a57c56e3ba710eafb2225e98f058d989^	^^	^0^	^0^	^0^	^4^	^5^	^WEEK^	^0^	^0^	^0^	^0^	^0000-00-00 00:00:00^	^0^	^1^
^6b68f8516ba4d81bace5295830b7f5d6^	^1^	^6b63f459c781fa42edeb889242304014^	^1^	^0^	^0000-00-00 00:00:00^	^0000-00-00 00:00:00^	^1607-02-WHT-2-7^	^^	^^	^^	^^	^Leichtes, ärmelloses Träger-Longshirt aus Pimabaumwolle für heiße Sommertage^	^49.9^	^0^	^0^	^0^	^0^	^0^	^0^	^^	^0^	^^	^^	^^	^^	^thumb_th(15)(2)_th.jpg^	^icon_ico(15)(2)_ico.jpg^	^front_z1(15)_z1(2).jpg^	^back_z2(15)_z2(2).jpg^	^detail1_z3(15)_z3(2).jpg^	^detail2_z4(15)_z4(2).jpg^	^^	^^	^^	^^	^^	^^	^^	^^	^0^	^8^	^1^	^^	^^	^0000-00-00^	^0000-00-00^	^2017-12-21 11:27:11^	^0^	^0^	^0^	^^	^shirt,pima,ärmellos,träger,lässig,locker^	^^	^^	^0^	^0^	^^	^0^	^0^	^S | White^	^0^	^0^	^^	^S | White ^	^^	^^	^^	^^	^^	^Cushy sleeveless long shirt from Pima cotton for hot summer days^	^^	^shirt,pima,sleeveless,suspenders,casual,cool^	^^	^^	^^	^^	^^	^^	^^	^^	^^	^^	^^	^^	^^	^^	^^	^^	^^	^70070^	^0^	^0^	^0^	^0^	^0^	^^	^^	^a57c56e3ba710eafb2225e98f058d989^	^^	^0^	^0^	^0^	^3^	^5^	^DAY^	^0^	^0^	^0^	^0^	^0000-00-00 00:00:00^	^0^	^1^
^6b69664875491fc8ab51d15f8e94b63f^	^1^	^6b63f459c781fa42edeb889242304014^	^1^	^0^	^0000-00-00 00:00:00^	^0000-00-00 00:00:00^	^1607-02-WHT-1-7^	^^	^^	^^	^^	^Leichtes, ärmelloses Träger-Longshirt aus Pimabaumwolle für heiße Sommertage^	^49.9^	^0^	^0^	^0^	^0^	^0^	^0^	^^	^0^	^^	^^	^^	^^	^thumb_th(15)(1)_th.jpg^	^icon_ico(15)(1)_ico.jpg^	^front_z1(15)_z1(1).jpg^	^back_z2(15)_z2(1).jpg^	^detail1_z3(15)_z3(1).jpg^	^detail2_z4(15)_z4(1).jpg^	^^	^^	^^	^^	^^	^^	^^	^^	^0^	^5^	^1^	^^	^^	^0000-00-00^	^0000-00-00^	^2017-12-21 11:27:11^	^0^	^0^	^0^	^^	^shirt,pima,ärmellos,träger,lässig,locker^	^^	^^	^0^	^0^	^^	^0^	^0^	^XS | White^	^0^	^0^	^^	^XS | White ^	^^	^^	^^	^^	^^	^Cushy sleeveless long shirt from Pima cotton for hot summer days^	^^	^shirt,pima,sleeveless,suspenders,casual,cool^	^^	^^	^^	^^	^^	^^	^^	^^	^^	^^	^^	^^	^^	^^	^^	^^	^^	^60070^	^0^	^0^	^0^	^0^	^0^	^^	^^	^a57c56e3ba710eafb2225e98f058d989^	^^	^0^	^0^	^0^	^2^	^3^	^DAY^	^0^	^0^	^0^	^0^	^0000-00-00 00:00:00^	^0^	^1^
^6b69cad3472fb2b07f89291f8e416e4d^	^1^	^6b63f459c781fa42edeb889242304014^	^1^	^0^	^0000-00-00 00:00:00^	^0000-00-00 00:00:00^	^1607-02-WHT-3-7^	^^	^^	^^	^^	^Leichtes, ärmelloses Träger-Longshirt aus Pimabaumwolle für heiße Sommertage^	^49.9^	^0^	^0^	^0^	^0^	^0^	^0^	^^	^0^	^^	^^	^^	^^	^thumb_th(15)(3)_th.jpg^	^icon_ico(15)(3)_ico.jpg^	^front_z1(15)_z1(3).jpg^	^back_z2(15)_z2(3).jpg^	^detail1_z3(15)_z3(3).jpg^	^detail2_z4(15)_z4(3).jpg^	^^	^^	^^	^^	^^	^^	^^	^^	^0^	^2^	^1^	^^	^^	^0000-00-00^	^0000-00-00^	^2017-12-21 11:27:11^	^0^	^0^	^0^	^^	^shirt,pima,ärmellos,träger,lässig,locker^	^^	^^	^0^	^0^	^^	^0^	^0^	^M | White^	^0^	^0^	^^	^M | White ^	^^	^^	^^	^^	^^	^Cushy sleeveless long shirt from Pima cotton for hot summer days^	^^	^shirt,pima,sleeveless,suspenders,casual,cool^	^^	^^	^^	^^	^^	^^	^^	^^	^^	^^	^^	^^	^^	^^	^^	^^	^^	^80070^	^0^	^0^	^0^	^0^	^0^	^^	^^	^a57c56e3ba710eafb2225e98f058d989^	^^	^0^	^0^	^0^	^3^	^4^	^WEEK^	^0^	^0^	^0^	^0^	^0000-00-00 00:00:00^	^0^	^1^
^6b6a6aedca3e438e98d51f0a5d586c0b^	^1^	^6b63456b3abeeeccd9b085a76ffba1a3^	^1^	^0^	^0000-00-00 00:00:00^	^0000-00-00 00:00:00^	^0801-85-874-8-4^	^^	^^	^^	^^	^Eng geschnittene Stretch-Jeans^	^89.9^	^0^	^0^	^0^	^0^	^0^	^0^	^^	^0^	^^	^^	^^	^^	^thumb_th(7)(1)_th.jpg^	^icon_ico(7)(1)_ico.jpg^	^front_z1(7)(2).jpg^	^back_z2(7)(2).jpg^	^detail1_z3(7)(2).jpg^	^detail2_z4(7)(2).jpg^	^^	^^	^^	^^	^^	^^	^^	^^	^0^	^3^	^1^	^^	^^	^0000-00-00^	^0000-00-00^	^2017-12-21 11:27:11^	^0^	^0^	^0^	^^	^kuyichi,jeans,dunkel,eng^	^^	^^	^0^	^0^	^^	^0^	^0^	^W 32/L 32 | Dark Blue^	^0^	^0^	^^	^W 32/L 32 | Dark Blue ^	^^	^^	^^	^^	^^	^Tight cut stretch jeans^	^^	^kuyichi,jeans,dark,tight^	^^	^^	^^	^^	^^	^^	^^	^^	^^	^^	^^	^^	^^	^^	^^	^^	^^	^13004^	^0^	^0^	^0^	^0^	^0^	^^	^^	^a57c56e3ba710eafb2225e98f058d989^	^9434afb379a46d6c141de9c9e5b94fcf^	^0^	^0^	^0^	^2^	^4^	^DAY^	^0^	^0^	^0^	^0^	^0000-00-00 00:00:00^	^0^	^1^
^6b6ac464656c16c90d671721c93dc6ba^	^1^	^^	^1^	^0^	^0000-00-00 00:00:00^	^0000-00-00 00:00:00^	^3584^	^^	^^	^^	^Stewart+Brown Lace Scoop Neck Tee^	^Raffiniertes Langarm-Shirt^	^59.9^	^0^	^0^	^0^	^0^	^0^	^79.9^	^^	^0^	^^	^^	^^	^^	^thumb_th(16)_th.jpg^	^icon_ico(16)_ico.jpg^	^front_z1(16)_z1.jpg^	^back_z2(16)_z2.jpg^	^detail1_z3(16)_z3.jpg^	^detail2_z4(16)_z4.jpg^	^^	^^	^^	^^	^^	^^	^^	^^	^0^	^0^	^1^	^^	^^	^0000-00-00^	^2009-12-17^	^2017-12-21 11:27:11^	^0^	^0^	^0^	^^	^shirt,pima,langarm^	^^	^^	^1^	^0^	^EU-Größe | Farbe^	^51^	^5^	^^	^59.9^	^59.9^	^EU-Size | Color^	^^	^^	^^	^^	^^	^Stewart+Brown Lace Scoop Neck Tee^	^Subtle long-arm shirt^	^^	^shirt,pima,long-sleeve^	^^	^^	^^	^^	^^	^^	^^	^^	^^	^^	^oxarticle^	^^	^^	^^	^^	^^	^^	^0^	^0^	^0^	^0^	^0^	^0^	^^	^^	^a57c56e3ba710eafb2225e98f058d989^	^^	^0^	^0^	^0^	^4^	^6^	^WEEK^	^0^	^0^	^0^	^0^	^0000-00-00 00:00:00^	^0^	^1^
^6b6b09a02f3c78adb5771bce215ec265^	^1^	^^	^1^	^0^	^0000-00-00 00:00:00^	^0000-00-00 00:00:00^	^3581^	^^	^^	^^	^Kuyichi Longsleeve Lani^	^Stretch-Jersey Longsleeve^	^29.9^	^0^	^0^	^0^	^0^	^0^	^49.9^	^^	^0^	^^	^^	^^	^^	^thumb_th(14)_th.jpg^	^icon_ico(14)_ico.jpg^	^front_z1(14)_z1.jpg^	^back_z2(14)_z2.jpg^	^detail1_z3(14)_z3.jpg^	^detail2_z4(14)_z4.jpg^	^^	^^	^^	^^	^^	^^	^^	^^	^0^	^0^	^1^	^^	^^	^0000-00-00^	^2009-12-17^	^2017-12-21 11:27:11^	^0^	^0^	^0^	^^	^kuyichi,shirt,pima,langarm,longsleeve^	^^	^^	^1^	^0^	^EU-Größe | Farbe^	^49^	^5^	^^	^29.9^	^29.9^	^EU-Size | Color^	^^	^^	^^	^^	^^	^Kuyichi Longsleeve Lani^	^Stretch-Jersey Longsleeve^	^^	^kuyichi,shirt,pima,longsleeve^	^^	^^	^^	^^	^^	^^	^^	^^	^^	^^	^oxarticle^	^^	^^	^^	^^	^^	^^	^0^	^0^	^0^	^0^	^0^	^0^	^^	^^	^a57c56e3ba710eafb2225e98f058d989^	^9434afb379a46d6c141de9c9e5b94fcf^	^0^	^0^	^0^	^2^	^4^	^DAY^	^0^	^0^	^0^	^0^	^0000-00-00 00:00:00^	^0^	^1^
^6b6b42499614ce3bfbee01f6eaba2f30^	^1^	^6b66d82af984e5ad46b9cb27b1ef8aae^	^1^	^0^	^0000-00-00 00:00:00^	^0000-00-00 00:00:00^	^85-8573-846-12-4^	^^	^^	^^	^^	^Spitzenjeans in verschiedenen Waschungen^	^89.9^	^0^	^0^	^0^	^0^	^0^	^0^	^^	^0^	^^	^^	^^	^^	^thumb_th(9)(2)_th.jpg^	^icon_ico(9)(2)_ico.jpg^	^front_z1(9)(3).jpg^	^back_z2(9)(3).jpg^	^detail1_z3(9)(3).jpg^	^detail2_z4(9)(3).jpg^	^^	^^	^^	^^	^^	^^	^^	^^	^0^	^0^	^1^	^^	^^	^0000-00-00^	^0000-00-00^	^2017-12-21 11:27:11^	^0^	^0^	^0^	^^	^kuyichi,jeans,dunkel,gerade,hüftjeans^	^^	^^	^0^	^0^	^^	^0^	^0^	^W 34/L 34 | Dark Blue | Bangle Blue^	^0^	^0^	^^	^W 34/L 34 | Dark Blue | Bangle Blue ^	^^	^^	^^	^^	^^	^Leading jeans for repeated washing^	^^	^kuyichi,jeans,dark,straight^	^^	^^	^^	^^	^^	^^	^^	^^	^^	^^	^^	^^	^^	^^	^^	^^	^^	^17004^	^0^	^0^	^0^	^0^	^0^	^^	^^	^a57c56e3ba710eafb2225e98f058d989^	^9434afb379a46d6c141de9c9e5b94fcf^	^0^	^0^	^0^	^1^	^3^	^DAY^	^0^	^0^	^0^	^0^	^0000-00-00 00:00:00^	^0^	^1^
^6b6b6abed58b118ee988c92856b8b675^	^1^	^6b63456b3abeeeccd9b085a76ffba1a3^	^1^	^0^	^0000-00-00 00:00:00^	^0000-00-00 00:00:00^	^0801-85-874-1-4^	^^	^^	^^	^^	^Eng geschnittene Stretch-Jeans^	^89.9^	^0^	^0^	^0^	^0^	^0^	^0^	^^	^0^	^^	^^	^^	^^	^thumb_th(7)(2)_th.jpg^	^icon_ico(7)(2)_ico.jpg^	^front_z1(7)(3).jpg^	^back_z2(7)(3).jpg^	^detail1_z3(7)(3).jpg^	^detail2_z4(7)(3).jpg^	^^	^^	^^	^^	^^	^^	^^	^^	^0^	^32^	^1^	^^	^^	^0000-00-00^	^0000-00-00^	^2017-12-21 11:27:11^	^0^	^0^	^0^	^^	^kuyichi,jeans,dunkel,eng^	^^	^^	^0^	^0^	^^	^0^	^0^	^W 30/L 30 | Dark Blue^	^0^	^0^	^^	^W 30/L 30 | Dark Blue ^	^^	^^	^^	^^	^^	^Tight cut stretch jeans^	^^	^kuyichi,jeans,dark,tight^	^^	^^	^^	^^	^^	^^	^^	^^	^^	^^	^^	^^	^^	^^	^^	^^	^^	^60040^	^0^	^0^	^0^	^0^	^0^	^^	^^	^a57c56e3ba710eafb2225e98f058d989^	^9434afb379a46d6c141de9c9e5b94fcf^	^0^	^0^	^0^	^3^	^4^	^DAY^	^0^	^0^	^0^	^0^	^0000-00-00 00:00:00^	^0^	^1^
^6b6b9f89cb8decee837d1a4c60742875^	^1^	^6b66d82af984e5ad46b9cb27b1ef8aae^	^1^	^0^	^0000-00-00 00:00:00^	^0000-00-00 00:00:00^	^85-8573-846-6-4^	^^	^^	^^	^^	^Spitzenjeans in verschiedenen Waschungen^	^89.9^	^0^	^0^	^0^	^0^	^0^	^0^	^^	^0^	^^	^^	^^	^^	^thumb_th(9)_th.jpg^	^icon_ico(9)_ico.jpg^	^front_z1(9)(1).jpg^	^back_z2(9)(1).jpg^	^detail1_z3(9)(1).jpg^	^detail2_z4(9)(1).jpg^	^^	^^	^^	^^	^^	^^	^^	^^	^0^	^5^	^1^	^^	^^	^0000-00-00^	^0000-00-00^	^2017-12-21 11:27:11^	^0^	^0^	^0^	^^	^kuyichi,jeans,dunkel,gerade,hüftjeans^	^^	^^	^0^	^0^	^^	^0^	^0^	^W 31/L 34 | Dark Blue | Bangle Blue^	^0^	^0^	^^	^W 31/L 34 | Dark Blue | Bangle Blue ^	^^	^^	^^	^^	^^	^Leading jeans for repeated washing^	^^	^kuyichi,jeans,dark,straight^	^^	^^	^^	^^	^^	^^	^^	^^	^^	^^	^^	^^	^^	^^	^^	^^	^^	^11004^	^0^	^0^	^0^	^0^	^0^	^^	^^	^a57c56e3ba710eafb2225e98f058d989^	^9434afb379a46d6c141de9c9e5b94fcf^	^0^	^0^	^0^	^3^	^4^	^WEEK^	^0^	^0^	^0^	^0^	^0000-00-00 00:00:00^	^0^	^1^
^6b6c129c62119185c7779987e7d8cd5c^	^1^	^6b63f459c781fa42edeb889242304014^	^1^	^0^	^0000-00-00 00:00:00^	^0000-00-00 00:00:00^	^1607-02-WHT-4-7^	^^	^^	^^	^^	^Leichtes, ärmelloses Träger-Longshirt aus Pimabaumwolle für heiße Sommertage^	^49.9^	^0^	^0^	^0^	^0^	^0^	^0^	^^	^0^	^^	^^	^^	^^	^thumb_th(15)(4)_th.jpg^	^icon_ico(15)(4)_ico.jpg^	^front_z1(15)_z1(4).jpg^	^back_z2(15)_z2(4).jpg^	^detail1_z3(15)_z3(4).jpg^	^detail2_z4(15)_z4(4).jpg^	^^	^^	^^	^^	^^	^^	^^	^^	^0^	^1^	^1^	^^	^^	^0000-00-00^	^0000-00-00^	^2017-12-21 11:27:11^	^0^	^0^	^0^	^^	^shirt,pima,ärmellos,träger,lässig,locker^	^^	^^	^0^	^0^	^^	^0^	^0^	^L | White^	^0^	^0^	^^	^L | White ^	^^	^^	^^	^^	^^	^Cushy sleeveless long shirt from Pima cotton for hot summer days^	^^	^shirt,pima,sleeveless,suspenders,casual,cool^	^^	^^	^^	^^	^^	^^	^^	^^	^^	^^	^^	^^	^^	^^	^^	^^	^^	^90070^	^0^	^0^	^0^	^0^	^0^	^^	^^	^a57c56e3ba710eafb2225e98f058d989^	^^	^0^	^0^	^0^	^3^	^5^	^DAY^	^0^	^0^	^0^	^0^	^0000-00-00 00:00:00^	^0^	^1^
^6b6cd2c22befa44da8b028c709eee944^	^1^	^6b6b09a02f3c78adb5771bce215ec265^	^1^	^0^	^0000-00-00 00:00:00^	^0000-00-00 00:00:00^	^0901-35-352-2^	^^	^^	^^	^^	^Stretch-Jersey Longsleeve^	^29.9^	^0^	^0^	^0^	^0^	^0^	^0^	^^	^0^	^^	^^	^^	^^	^thumb_th(14)(3)_th.jpg^	^icon_ico(14)(3)_ico.jpg^	^front_z1(14)_z1(3).jpg^	^back_z2(14)_z2(3).jpg^	^detail1_z3(14)_z3(3).jpg^	^detail2_z4(14)_z4(3).jpg^	^^	^^	^^	^^	^^	^^	^^	^^	^0^	^5^	^1^	^^	^^	^0000-00-00^	^0000-00-00^	^2017-12-21 11:27:11^	^0^	^0^	^0^	^^	^kuyichi,shirt,pima,langarm,longsleeve^	^^	^^	^0^	^0^	^^	^0^	^0^	^S | Schwarz^	^0^	^0^	^^	^S | Black^	^^	^^	^^	^^	^^	^Stretch-Jersey Longsleeve^	^^	^kuyichi,shirt,pima,longsleeve^	^^	^^	^^	^^	^^	^^	^^	^^	^^	^^	^^	^^	^^	^^	^^	^^	^^	^70000^	^0^	^0^	^0^	^0^	^0^	^^	^^	^a57c56e3ba710eafb2225e98f058d989^	^9434afb379a46d6c141de9c9e5b94fcf^	^0^	^0^	^0^	^1^	^3^	^DAY^	^0^	^0^	^0^	^0^	^0000-00-00 00:00:00^	^0^	^1^
^6b6ced6d81841cc17291b9e919666e67^	^1^	^6b6ac464656c16c90d671721c93dc6ba^	^1^	^0^	^0000-00-00 00:00:00^	^0000-00-00 00:00:00^	^1810-00-NOC-5-8^	^^	^^	^^	^^	^Raffiniertes Langarm-Shirt^	^59.9^	^0^	^0^	^0^	^0^	^0^	^0^	^^	^0^	^^	^^	^^	^^	^thumb_th(16)(1)_th.jpg^	^icon_ico(16)(1)_ico.jpg^	^front_z1(16)_z1(1).jpg^	^back_z2(16)_z2(1).jpg^	^detail1_z3(16)_z3(1).jpg^	^detail2_z4(16)_z4(1).jpg^	^^	^^	^^	^^	^^	^^	^^	^^	^0^	^20^	^1^	^^	^^	^0000-00-00^	^0000-00-00^	^2017-12-21 11:27:11^	^0^	^0^	^0^	^^	^shirt,pima,langarm^	^^	^^	^0^	^0^	^^	^0^	^0^	^XL | Nocturne^	^0^	^0^	^^	^XL | Nocturne ^	^^	^^	^^	^^	^^	^Subtle long-arm shirt^	^^	^shirt,pima,long-sleeve^	^^	^^	^^	^^	^^	^^	^^	^^	^^	^^	^^	^^	^^	^^	^^	^^	^^	^10008^	^0^	^0^	^0^	^0^	^0^	^^	^^	^a57c56e3ba710eafb2225e98f058d989^	^^	^0^	^0^	^0^	^4^	^5^	^DAY^	^0^	^0^	^0^	^0^	^0000-00-00 00:00:00^	^0^	^1^
^6b6cf1ed0c0b3e784b05b1c9c207d352^	^1^	^531b537118f5f4d7a427cdb825440922^	^1^	^0^	^0000-00-00 00:00:00^	^0000-00-00 00:00:00^	^0702-85-853-12-3^	^^	^^	^^	^^	^Lässige Damenjeans von Kuyichi^	^99.9^	^0^	^0^	^0^	^0^	^0^	^0^	^^	^0^	^^	^^	^^	^^	^thumb_th(4)sb(1)_th.jpg^	^icon_ico(4)sb(1)_ico.jpg^	^front_z1(4)sb(1).jpg^	^back_z2(4)sb(1).jpg^	^detail1_z3(4)sb(1).jpg^	^detail2_z4(4)sb(1).jpg^	^^	^^	^^	^^	^^	^^	^^	^^	^0^	^1^	^1^	^^	^^	^0000-00-00^	^0000-00-00^	^2017-12-21 11:27:11^	^0^	^0^	^0^	^^	^jeans,anna,kuyichi,lässig,locker^	^^	^^	^0^	^0^	^^	^0^	^0^	^W 34/L 34 | Super Blue^	^0^	^0^	^^	^W 34/L 34 | Super Blue  ^	^^	^^	^^	^^	^^	^Cool lady jeans by Kuyichi^	^^	^jeans,anna,kuyichi,cool,casual^	^^	^^	^^	^^	^^	^^	^^	^^	^^	^^	^^	^^	^^	^^	^^	^^	^^	^17003^	^0^	^0^	^0^	^0^	^0^	^^	^^	^a57c56e3ba710eafb2225e98f058d989^	^9434afb379a46d6c141de9c9e5b94fcf^	^0^	^0^	^0^	^1^	^3^	^WEEK^	^0^	^0^	^0^	^0^	^0000-00-00 00:00:00^	^0^	^1^
^6b6d187d3f648ab5d7875ce863244095^	^1^	^531b537118f5f4d7a427cdb825440922^	^1^	^0^	^0000-00-00 00:00:00^	^0000-00-00 00:00:00^	^0702-85-853-6-3^	^^	^^	^^	^^	^Lässige Damenjeans von Kuyichi^	^92.9^	^0^	^0^	^0^	^0^	^0^	^0^	^^	^0^	^^	^^	^^	^^	^thumb_th(4)sb_th.jpg^	^icon_ico(4)sb_ico.jpg^	^front_z1(4)sb.jpg^	^back_z2(4)sb.jpg^	^detail1_z3(4)sb.jpg^	^detail2_z4(4)sb.jpg^	^^	^^	^^	^^	^^	^^	^^	^^	^0^	^30^	^1^	^^	^^	^0000-00-00^	^0000-00-00^	^2017-12-21 11:27:11^	^0^	^0^	^0^	^^	^jeans,anna,kuyichi,lässig,locker^	^^	^^	^0^	^0^	^^	^0^	^0^	^W 31/L 34 | Super Blue^	^0^	^0^	^^	^W 31/L 34 | Super Blue^	^^	^^	^^	^^	^^	^Cool lady jeans by Kuyichi^	^^	^jeans,anna,kuyichi,cool,casual^	^^	^^	^^	^^	^^	^^	^^	^^	^^	^^	^^	^^	^^	^^	^^	^^	^^	^11003^	^0^	^0^	^0^	^0^	^0^	^^	^^	^a57c56e3ba710eafb2225e98f058d989^	^9434afb379a46d6c141de9c9e5b94fcf^	^0^	^0^	^0^	^2^	^4^	^WEEK^	^0^	^0^	^0^	^0^	^0000-00-00 00:00:00^	^0^	^1^
^6b6d966c899dd9977e88f842f67eb751^	^1^	^6b6099c305f591cb39d4314e9a823fc1^	^1^	^0^	^0000-00-00 00:00:00^	^0000-00-00 00:00:00^	^1629-03-CLV-4-6^	^^	^^	^^	^^	^Langes Shirt mit kurzen Ärmeln und farbigem Aufdruck^	^59.9^	^0^	^0^	^0^	^0^	^0^	^0^	^^	^0^	^^	^^	^^	^^	^thumb_th(12)v(4)_th.jpg^	^icon_ico(12)v(4)_ico.jpg^	^front_z1(12)v_z1(4).jpg^	^back_z2(12)v_z2(4).jpg^	^detail1_z3(12)v_z3(4).jpg^	^detail2_z4(12)v_z4(4).jpg^	^^	^^	^^	^^	^^	^^	^^	^^	^0^	^13^	^1^	^^	^^	^0000-00-00^	^0000-00-00^	^2017-12-21 11:27:11^	^0^	^0^	^0^	^^	^shirt,pima,kurz^	^^	^^	^0^	^0^	^^	^0^	^0^	^L | Violet^	^0^	^0^	^^	^L | Violet ^	^^	^^	^^	^^	^^	^Long shirt with short sleeves and colored printing^	^^	^shirt,pima,short^	^^	^^	^^	^^	^^	^^	^^	^^	^^	^^	^^	^^	^^	^^	^^	^^	^^	^90060^	^0^	^0^	^0^	^0^	^0^	^^	^^	^a57c56e3ba710eafb2225e98f058d989^	^^	^0^	^0^	^0^	^3^	^4^	^DAY^	^0^	^0^	^0^	^0^	^0000-00-00 00:00:00^	^0^	^1^
^6b6da1c656d89b5eeed486e355460d16^	^1^	^6b6b09a02f3c78adb5771bce215ec265^	^1^	^0^	^0000-00-00 00:00:00^	^0000-00-00 00:00:00^	^0901-35-352-5^	^^	^^	^^	^^	^Stretch-Jersey Longsleeve^	^29.9^	^0^	^0^	^0^	^0^	^0^	^0^	^^	^0^	^^	^^	^^	^^	^thumb_th(14)(1)_th.jpg^	^icon_ico(14)(1)_ico.jpg^	^front_z1(14)_z1(1).jpg^	^back_z2(14)_z2(1).jpg^	^detail1_z3(14)_z3(1).jpg^	^detail2_z4(14)_z4(1).jpg^	^^	^^	^^	^^	^^	^^	^^	^^	^0^	^1^	^1^	^^	^^	^0000-00-00^	^0000-00-00^	^2017-12-21 11:27:11^	^0^	^0^	^0^	^^	^kuyichi,shirt,pima,langarm,longsleeve^	^^	^^	^0^	^0^	^^	^0^	^0^	^XL | Schwarz^	^0^	^0^	^^	^XL | Black^	^^	^^	^^	^^	^^	^Stretch-Jersey Longsleeve^	^^	^kuyichi,shirt,pima,longsleeve^	^^	^^	^^	^^	^^	^^	^^	^^	^^	^^	^^	^^	^^	^^	^^	^^	^^	^99000^	^0^	^0^	^0^	^0^	^0^	^^	^^	^a57c56e3ba710eafb2225e98f058d989^	^9434afb379a46d6c141de9c9e5b94fcf^	^0^	^0^	^0^	^4^	^5^	^DAY^	^0^	^0^	^0^	^0^	^0000-00-00 00:00:00^	^0^	^1^
^6b6e0bb9f2b8b5f070f91593073b4555^	^1^	^531b537118f5f4d7a427cdb825440922^	^1^	^0^	^0000-00-00 00:00:00^	^0000-00-00 00:00:00^	^0702-85-853-12-2^	^^	^^	^^	^^	^Lässige Damenjeans von Kuyichi^	^99.9^	^0^	^0^	^0^	^0^	^0^	^0^	^^	^0^	^^	^^	^^	^^	^thumb_th(4)sg(1)_th.jpg^	^icon_ico(4)sg(1)_ico.jpg^	^front_z1(4)sg(1).jpg^	^back_z2(4)sg(1).jpg^	^detail1_z3(4)sg(1).jpg^	^detail2_z4(4)sg(1).jpg^	^^	^^	^^	^^	^^	^^	^^	^^	^0^	^16^	^1^	^^	^^	^0000-00-00^	^0000-00-00^	^2017-12-21 11:27:11^	^0^	^0^	^0^	^^	^jeans,anna,kuyichi,lässig,locker^	^^	^^	^0^	^0^	^^	^0^	^0^	^W 34/L 34 | Smoke Gray^	^0^	^0^	^^	^W 34/L 34 | Smoke Gray ^	^^	^^	^^	^^	^^	^Cool lady jeans by Kuyichi^	^^	^jeans,anna,kuyichi,cool,casual^	^^	^^	^^	^^	^^	^^	^^	^^	^^	^^	^^	^^	^^	^^	^^	^^	^^	^17002^	^0^	^0^	^0^	^0^	^0^	^^	^^	^a57c56e3ba710eafb2225e98f058d989^	^9434afb379a46d6c141de9c9e5b94fcf^	^0^	^0^	^0^	^3^	^4^	^WEEK^	^0^	^0^	^0^	^0^	^0000-00-00 00:00:00^	^0^	^1^
^6b6e2c7af07fd2b9d82223ff35f4e08f^	^1^	^531b537118f5f4d7a427cdb825440922^	^1^	^0^	^0000-00-00 00:00:00^	^0000-00-00 00:00:00^	^0702-85-853-6-2^	^^	^^	^^	^^	^Lässige Damenjeans von Kuyichi^	^92.9^	^0^	^0^	^0^	^0^	^0^	^0^	^^	^0^	^^	^^	^^	^^	^thumb_th(4)sg_th.jpg^	^icon_ico(4)sg_ico.jpg^	^front_z1(4)sg.jpg^	^back_z2(4)sg.jpg^	^detail1_z3(4)sg.jpg^	^detail2_z4(4)sg.jpg^	^^	^^	^^	^^	^^	^^	^^	^^	^0^	^2^	^1^	^^	^^	^0000-00-00^	^0000-00-00^	^2017-12-21 11:27:11^	^0^	^0^	^0^	^^	^jeans,anna,kuyichi,lässig,locker^	^^	^^	^0^	^0^	^^	^0^	^0^	^W 31/L 34 | Smoke Gray^	^0^	^0^	^^	^W 31/L 34 | Smoke Gray^	^^	^^	^^	^^	^^	^Cool lady jeans by Kuyichi^	^^	^jeans,anna,kuyichi,cool,casual^	^^	^^	^^	^^	^^	^^	^^	^^	^^	^^	^^	^^	^^	^^	^^	^^	^^	^11002^	^0^	^0^	^0^	^0^	^0^	^^	^^	^a57c56e3ba710eafb2225e98f058d989^	^9434afb379a46d6c141de9c9e5b94fcf^	^0^	^0^	^0^	^3^	^5^	^DAY^	^0^	^0^	^0^	^0^	^0000-00-00 00:00:00^	^0^	^1^
^6b6ee4ad0a02a725a136ca139e226dd5^	^1^	^531b537118f5f4d7a427cdb825440922^	^1^	^0^	^0000-00-00 00:00:00^	^0000-00-00 00:00:00^	^0702-85-853-1-3^	^^	^^	^^	^^	^Lässige Damenjeans von Kuyichi^	^99.9^	^0^	^0^	^0^	^0^	^0^	^0^	^^	^0^	^^	^^	^^	^^	^thumb_th(4)sb(2)_th.jpg^	^icon_ico(4)sb(2)_ico.jpg^	^front_z1(4)sb(2).jpg^	^back_z2(4)sb(2).jpg^	^detail1_z3(4)sb(2).jpg^	^detail2_z4(4)sb(2).jpg^	^^	^^	^^	^^	^^	^^	^^	^^	^0^	^4^	^1^	^^	^^	^0000-00-00^	^0000-00-00^	^2017-12-21 11:27:11^	^0^	^0^	^0^	^^	^jeans,anna,kuyichi,lässig,locker^	^^	^^	^0^	^0^	^^	^0^	^0^	^W 30/L 30 | Super Blue^	^0^	^0^	^^	^W 30/L 30 | Super Blue ^	^^	^^	^^	^^	^^	^Cool lady jeans by Kuyichi^	^^	^jeans,anna,kuyichi,cool,casual^	^^	^^	^^	^^	^^	^^	^^	^^	^^	^^	^^	^^	^^	^^	^^	^^	^^	^10103^	^0^	^0^	^0^	^0^	^0^	^^	^^	^a57c56e3ba710eafb2225e98f058d989^	^9434afb379a46d6c141de9c9e5b94fcf^	^0^	^0^	^0^	^3^	^4^	^WEEK^	^0^	^0^	^0^	^0^	^0000-00-00 00:00:00^	^0^	^1^
^6b6efaa522be53c3e86fdb41f0542a8a^	^1^	^531b537118f5f4d7a427cdb825440922^	^1^	^0^	^0000-00-00 00:00:00^	^0000-00-00 00:00:00^	^0702-85-853-1-1^	^^	^^	^^	^^	^Lässige Damenjeans von Kuyichi^	^99.9^	^0^	^0^	^0^	^0^	^0^	^0^	^^	^0^	^^	^^	^^	^^	^thumb_th(4)(2)_th.jpg^	^icon_ico(4)(2)_ico.jpg^	^front_z1(4)(2).jpg^	^back_z2(4)(2).jpg^	^detail1_z3(4)(2).jpg^	^detail2_z4(4)(2).jpg^	^^	^^	^^	^^	^^	^^	^^	^^	^0^	^15^	^1^	^^	^^	^0000-00-00^	^0000-00-00^	^2017-12-21 11:27:11^	^0^	^0^	^0^	^^	^jeans,anna,kuyichi,lässig,locker^	^^	^^	^0^	^0^	^^	^0^	^0^	^W 30/L 30 | Blau^	^0^	^0^	^^	^W 30/L 30 | Blue ^	^^	^^	^^	^^	^^	^Cool lady jeans by Kuyichi^	^^	^jeans,anna,kuyichi,cool,casual^	^^	^^	^^	^^	^^	^^	^^	^^	^^	^^	^^	^^	^^	^^	^^	^^	^^	^10101^	^0^	^0^	^0^	^0^	^0^	^^	^^	^a57c56e3ba710eafb2225e98f058d989^	^9434afb379a46d6c141de9c9e5b94fcf^	^0^	^0^	^0^	^2^	^4^	^WEEK^	^0^	^0^	^0^	^0^	^0000-00-00 00:00:00^	^0^	^1^
^6b6f0933802db44727dcefd88983afc5^	^1^	^6b6ac464656c16c90d671721c93dc6ba^	^1^	^0^	^0000-00-00 00:00:00^	^0000-00-00 00:00:00^	^1810-00-NOC-4-8^	^^	^^	^^	^^	^Raffiniertes Langarm-Shirt^	^59.9^	^0^	^0^	^0^	^0^	^0^	^0^	^^	^0^	^^	^^	^^	^^	^thumb_th(16)(5)_th.jpg^	^icon_ico(16)(5)_ico.jpg^	^front_z1(16)_z1(5).jpg^	^back_z2(16)_z2(5).jpg^	^detail1_z3(16)_z3(5).jpg^	^detail2_z4(16)_z4(5).jpg^	^^	^^	^^	^^	^^	^^	^^	^^	^0^	^5^	^1^	^^	^^	^0000-00-00^	^0000-00-00^	^2017-12-21 11:27:11^	^0^	^0^	^0^	^^	^shirt,pima,langarm^	^^	^^	^0^	^0^	^^	^0^	^0^	^L | Nocturne^	^0^	^0^	^^	^L | Nocturne ^	^^	^^	^^	^^	^^	^Subtle long-arm shirt^	^^	^shirt,pima,long-sleeve^	^^	^^	^^	^^	^^	^^	^^	^^	^^	^^	^^	^^	^^	^^	^^	^^	^^	^90080^	^0^	^0^	^0^	^0^	^0^	^^	^^	^a57c56e3ba710eafb2225e98f058d989^	^^	^0^	^0^	^0^	^3^	^4^	^DAY^	^0^	^0^	^0^	^0^	^0000-00-00 00:00:00^	^0^	^1^
^6b6f9f7dc5b17d9b555db96a92eeb7a7^	^1^	^6b6b09a02f3c78adb5771bce215ec265^	^1^	^0^	^0000-00-00 00:00:00^	^0000-00-00 00:00:00^	^0901-35-352-3^	^^	^^	^^	^^	^Stretch-Jersey Longsleeve^	^29.9^	^0^	^0^	^0^	^0^	^0^	^0^	^^	^0^	^^	^^	^^	^^	^thumb_th(14)(4)_th.jpg^	^icon_ico(14)(4)_ico.jpg^	^front_z1(14)_z1(4).jpg^	^back_z2(14)_z2(4).jpg^	^detail1_z3(14)_z3(4).jpg^	^detail2_z4(14)_z4(4).jpg^	^^	^^	^^	^^	^^	^^	^^	^^	^0^	^15^	^1^	^^	^^	^0000-00-00^	^0000-00-00^	^2017-12-21 11:27:11^	^0^	^0^	^0^	^^	^kuyichi,shirt,pima,langarm,longsleeve^	^^	^^	^0^	^0^	^^	^0^	^0^	^M | Schwarz^	^0^	^0^	^^	^M | Black^	^^	^^	^^	^^	^^	^Stretch-Jersey Longsleeve^	^^	^kuyichi,shirt,pima,longsleeve^	^^	^^	^^	^^	^^	^^	^^	^^	^^	^^	^^	^^	^^	^^	^^	^^	^^	^80000^	^0^	^0^	^0^	^0^	^0^	^^	^^	^a57c56e3ba710eafb2225e98f058d989^	^9434afb379a46d6c141de9c9e5b94fcf^	^0^	^0^	^0^	^3^	^4^	^WEEK^	^0^	^0^	^0^	^0^	^0000-00-00 00:00:00^	^0^	^1^
^943ed656e21971fb2f1827facbba9bec^	^1^	^^	^1^	^0^	^0000-00-00 00:00:00^	^0000-00-00 00:00:00^	^3561^	^^	^^	^^	^Kuyichi Jeans MICK^	^Lässige Jeans mit Reißverschluß über der Hosentasche, geradem und engem Beinschnitt^	^109^	^0^	^0^	^0^	^0^	^0^	^0^	^^	^0^	^^	^^	^^	^^	^thumb_th.jpg^	^icon_ico.jpg^	^front_z1.jpg^	^back_z2.jpg^	^detail1_z3.jpg^	^detail2_z4.jpg^	^^	^^	^^	^^	^^	^^	^^	^^	^0^	^30^	^1^	^^	^^	^0000-00-00^	^2009-12-04^	^2017-12-21 11:27:11^	^0^	^0^	^0^	^^	^kuyichi,jeans,dunkel,lässig,frisch,gerade,locker^	^^	^^	^1^	^0^	^Größe | Farbe^	^40^	^24^	^^	^95^	^109^	^Size | Color^	^^	^^	^^	^^	^^	^Kuyichi Jeans MICK^	^Casual jeans with a zipper over the pockets and straight, tight legs.^	^^	^kuyichi,jeans,dark,casual,fresh,straight,cool^	^^	^^	^^	^^	^^	^^	^^	^^	^^	^^	^oxarticle^	^^	^^	^^	^^	^^	^^	^0^	^0^	^0^	^0^	^0^	^0^	^^	^^	^a57c56e3ba710eafb2225e98f058d989^	^9434afb379a46d6c141de9c9e5b94fcf^	^0^	^0^	^0^	^1^	^2^	^WEEK^	^0^	^0^	^0^	^0^	^0000-00-00 00:00:00^	^0^	^1^
^adc5ee42bd3c37a27a488769d22ad9ed^	^1^	^^	^1^	^0^	^0000-00-00 00:00:00^	^0000-00-00 00:00:00^	^3102^	^^	^^	^^	^Neoprenanzug NPX VAMP^	^Preiswerter Neoprenanzug für Frauen - Semidry^	^179^	^0^	^0^	^0^	^0^	^0^	^229^	^^	^0^	^^	^^	^^	^^	^vamp_su9448_th_th.jpg^	^vamp_su9448_ico_ico.jpg^	^vamp_su9448_z1.jpg^	^^	^^	^^	^^	^^	^^	^^	^^	^^	^^	^^	^0^	^1^	^1^	^^	^^	^0000-00-00^	^2010-12-09^	^2017-12-21 11:27:11^	^0^	^0^	^0^	^^	^^	^^	^^	^1^	^0^	^^	^0^	^0^	^^	^179^	^0^	^^	^^	^^	^^	^^	^^	^Wetsuit NPX VAMP^	^Semidry wetsuit for women^	^^	^wetsuit, suit, semidry, npx, neoprene, vamp, 2010^	^^	^^	^^	^^	^^	^^	^^	^^	^^	^^	^oxarticle^	^^	^^	^^	^^	^^	^^	^0^	^0^	^0^	^0^	^0^	^0^	^^	^^	^^	^dc5ec524a9aa6175cf7a498d70ce510a^	^0^	^0^	^0^	^3^	^4^	^DAY^	^0^	^0^	^0^	^0^	^0000-00-00 00:00:00^	^0^	^1^
^adc920f4cbfa739803058c663a4a00b9^	^1^	^^	^1^	^0^	^0000-00-00 00:00:00^	^0000-00-00 00:00:00^	^1304^	^^	^^	^^	^Kiteboard FLYBOARDS FLYWAVE 2010^	^Entworfen in Zusammenarbeit mit Wave-Guru Ruud Overwater^	^679^	^0^	^0^	^0^	^0^	^0^	^799^	^^	^0^	^^	^^	^^	^^	^^	^^	^flywave2010_bild1.jpg^	^^	^^	^^	^^	^^	^^	^^	^^	^^	^^	^^	^0^	^18^	^1^	^^	^^	^0000-00-00^	^2010-12-09^	^2017-12-21 11:27:11^	^0^	^0^	^0^	^^	^kiteboard, kite, board, flywave, flyboards^	^^	^^	^1^	^0^	^^	^0^	^0^	^^	^679^	^0^	^^	^^	^^	^^	^^	^^	^Kiteboard FLYBOARDS FLYWAVE 2010^	^Designed in association with Dutch wave-guru Ruud Overwater, who has put over 6 years of wave riding experience into this board^	^^	^kiteboard, kite, board, flywave, flyboards^	^^	^^	^^	^^	^^	^^	^^	^^	^^	^^	^oxarticle^	^^	^^	^^	^^	^^	^^	^0^	^0^	^0^	^0^	^0^	^0^	^^	^^	^^	^dc59459d4d67189182c53ed0e4e777bc^	^0^	^0^	^0^	^2^	^4^	^WEEK^	^0^	^0^	^0^	^0^	^0000-00-00 00:00:00^	^0^	^1^
^adcb9deae73557006a8ac748f45288b4^	^1^	^^	^1^	^0^	^0000-00-00 00:00:00^	^0000-00-00 00:00:00^	^1505^	^^	^^	^^	^Helm AHM 5000^	^Ein echter Allround-Helm^	^45^	^0^	^0^	^0^	^0^	^0^	^0^	^^	^0^	^^	^^	^^	^^	^^	^^	^helm_ahm_5000_1.jpg^	^^	^^	^^	^^	^^	^^	^^	^^	^^	^^	^^	^0^	^0^	^1^	^^	^^	^2011-03-03^	^2010-12-09^	^2017-12-21 11:27:11^	^0^	^0^	^0^	^^	^kiteboarding, kite, helm, protection, sicherheit^	^^	^^	^1^	^0^	^^	^0^	^0^	^^	^45^	^45^	^^	^^	^^	^^	^^	^^	^Helmet AHM 5000^	^Plastic price without the plastic look and feel^	^^	^kiteboarding, kite, helmet, protection, sicherheit^	^^	^^	^^	^^	^^	^^	^^	^^	^^	^^	^oxarticle^	^^	^^	^^	^^	^^	^^	^0^	^1^	^0^	^0^	^0^	^0^	^^	^^	^^	^^	^0^	^0^	^0^	^3^	^5^	^DAY^	^0^	^0^	^0^	^0^	^0000-00-00 00:00:00^	^0^	^1^
^b56164c54701f07df14b141da197c207^	^1^	^^	^1^	^0^	^0000-00-00 00:00:00^	^0000-00-00 00:00:00^	^2402^	^^	^^	^^	^Bindung LIQUID FORCE TRANSIT BOOT 2010^	^Bewährte Qualität in neuem Design^	^259^	^0^	^0^	^0^	^0^	^0^	^0^	^^	^0^	^^	^^	^^	^^	^^	^^	^liquid_force_transit_boot_2010_1.jpg^	^^	^^	^^	^^	^^	^^	^^	^^	^^	^^	^^	^0^	^0^	^1^	^^	^^	^0000-00-00^	^2010-12-15^	^2017-12-21 11:27:11^	^0^	^0^	^0^	^^	^bindung, boot, liquid force, transit, 2010^	^^	^^	^1^	^0^	^^	^0^	^0^	^^	^259^	^0^	^^	^^	^^	^^	^^	^^	^Binding LIQUID FORCE TRANSIT BOOT 2010^	^Proven quality in a new design^	^^	^bindung, boot, liquid force, transit, 2010^	^^	^^	^^	^^	^^	^^	^^	^^	^^	^^	^oxarticle^	^^	^^	^^	^^	^^	^^	^0^	^0^	^0^	^0^	^0^	^0^	^^	^^	^^	^adc6df0977329923a6330cc8f3c0a906^	^0^	^0^	^0^	^4^	^5^	^DAY^	^0^	^0^	^0^	^0^	^0000-00-00 00:00:00^	^0^	^1^
^b56369b1fc9d7b97f9c5fc343b349ece^	^1^	^^	^1^	^0^	^0000-00-00 00:00:00^	^0000-00-00 00:00:00^	^1208^	^0012345600^	^00004567^	^coregts123^	^Kite CORE GTS^	^Die Sportversion des GT^	^879^	^0^	^0^	^0^	^0^	^0^	^0^	^^	^0^	^^	^^	^^	^^	^^	^^	^core_gts_1.jpg^	^^	^^	^^	^^	^^	^^	^^	^^	^^	^^	^^	^0^	^12^	^1^	^^	^^	^0000-00-00^	^2010-12-15^	^2017-12-21 11:27:11^	^0^	^0^	^0^	^^	^kite, core, gts, kiteboarding^	^^	^^	^1^	^0^	^^	^0^	^0^	^^	^879^	^879^	^^	^^	^^	^^	^^	^^	^Kite CORE GTS^	^The sports version of the GT^	^^	^kite, core, gts, kiteboarding^	^^	^^	^^	^^	^^	^^	^^	^^	^^	^^	^oxarticle^	^^	^^	^^	^^	^^	^^	^0^	^3^	^0^	^0^	^0^	^0^	^^	^^	^^	^adc566c366db8eaf30c6c124a09e82b3^	^0^	^5^	^2^	^3^	^5^	^DAY^	^0^	^0^	^0^	^0^	^0000-00-00 00:00:00^	^0^	^1^
^b563ab240dc19b89fc0349866b2be9c0^	^1^	^^	^1^	^0^	^0000-00-00 00:00:00^	^0000-00-00 00:00:00^	^3585^	^^	^^	^^	^Kuyichi 1/2 Sleeve Shirt^	^Half-Sleeve Shirt^	^19.9^	^0^	^0^	^0^	^0^	^0^	^24.9^	^^	^0^	^^	^^	^^	^^	^^	^^	^30-360-back_p1_z_f_th_665.jpg^	^30-360-front_p2_z_665.jpg^	^^	^^	^^	^^	^^	^^	^^	^^	^^	^^	^0^	^0^	^1^	^^	^^	^0000-00-00^	^2010-12-15^	^2017-12-21 11:27:11^	^0^	^0^	^0^	^^	^sleeve, longsleeve, shirt^	^^	^^	^1^	^0^	^^	^0^	^0^	^^	^19.9^	^0^	^^	^^	^^	^^	^^	^^	^Kuyichi 1/2 Sleeve Shirt^	^Half sleeved shirt^	^^	^sleeve, longsleeve, shirt^	^^	^^	^^	^^	^^	^^	^^	^^	^^	^^	^oxarticle^	^^	^^	^^	^^	^^	^^	^0^	^0^	^0^	^0^	^0^	^0^	^^	^^	^a57c56e3ba710eafb2225e98f058d989^	^9434afb379a46d6c141de9c9e5b94fcf^	^0^	^0^	^0^	^1^	^2^	^DAY^	^0^	^0^	^0^	^0^	^0000-00-00 00:00:00^	^0^	^1^
^b56597806428de2f58b1c6c7d3e0e093^	^1^	^^	^1^	^0^	^0000-00-00 00:00:00^	^0000-00-00 00:00:00^	^1211^	^^	^^	^^	^Kite NBK EVO 2010^	^Die EVOlution geht weiter^	^699^	^0^	^0^	^0^	^0^	^0^	^0^	^^	^0^	^^	^^	^^	^^	^^	^^	^nkb_evo_2010_1.jpg^	^^	^^	^^	^^	^^	^^	^^	^^	^^	^^	^^	^0^	^10^	^1^	^^	^^	^0000-00-00^	^2010-12-15^	^2017-12-21 11:27:11^	^0^	^0^	^0^	^^	^kite, nbk, evo, kiteboarding^	^^	^^	^1^	^0^	^^	^0^	^0^	^^	^699^	^0^	^^	^^	^^	^^	^^	^^	^Kite NBK EVO 2010^	^The EVOlution goes on^	^^	^kite, nbk, evo, kiteboarding^	^^	^^	^^	^^	^^	^^	^^	^^	^^	^^	^oxarticle^	^^	^^	^^	^^	^^	^^	^0^	^2^	^0^	^0^	^0^	^0^	^^	^^	^^	^^	^0^	^5^	^1^	^4^	^5^	^DAY^	^0^	^0^	^0^	^0^	^0000-00-00 00:00:00^	^0^	^1^
^b5666b6d4bcb67c61dee4887bfba8351^	^1^	^^	^1^	^0^	^0000-00-00 00:00:00^	^0000-00-00 00:00:00^	^1209^	^^	^^	^^	^Kite CORE RIOT XR^	^Der CrossRide Kite^	^879^	^0^	^0^	^0^	^0^	^0^	^1099^	^^	^0^	^^	^^	^^	^^	^^	^^	^core_riot_xr_1.jpg^	^^	^^	^^	^^	^^	^^	^^	^^	^^	^^	^^	^0^	^2^	^1^	^^	^^	^0000-00-00^	^2010-12-15^	^2017-12-21 11:27:11^	^0^	^0^	^0^	^^	^kite, core, riot, xr, kiteboarding^	^^	^^	^1^	^0^	^^	^0^	^0^	^^	^879^	^0^	^^	^^	^^	^^	^^	^^	^Kite CORE RIOT XR^	^The CrossRide Kite^	^^	^kite, core, riot, xr, kiteboarding^	^^	^^	^^	^^	^^	^^	^^	^^	^^	^^	^oxarticle^	^^	^^	^^	^^	^^	^^	^0^	^0^	^0^	^0^	^0^	^0^	^^	^^	^^	^adc566c366db8eaf30c6c124a09e82b3^	^0^	^0^	^0^	^2^	^4^	^DAY^	^0^	^0^	^0^	^0^	^0000-00-00 00:00:00^	^0^	^1^
^b56764137ca959da9541bb28c1987d6c^	^1^	^^	^1^	^0^	^0000-00-00 00:00:00^	^0000-00-00 00:00:00^	^1212^	^^	^^	^^	^Kite NBK REBEL 2010^	^Der ultimative all-terrain Freeride Kite Ihrer Träume^	^799^	^0^	^0^	^0^	^0^	^0^	^0^	^^	^0^	^^	^^	^^	^^	^^	^^	^nkb_rebel_2010_1.jpg^	^^	^^	^^	^^	^^	^^	^^	^^	^^	^^	^^	^0^	^18^	^1^	^^	^^	^0000-00-00^	^2010-12-15^	^2017-12-21 11:27:11^	^0^	^0^	^0^	^^	^kite, nbk, rebel, kiteboarding^	^^	^^	^1^	^0^	^^	^0^	^0^	^^	^799^	^0^	^^	^^	^^	^^	^^	^^	^Kite NBK REBEL 2010^	^The ultimate all terrain Freeride Kite of your dreams^	^^	^kite, nbk, rebel, kiteboarding^	^^	^^	^^	^^	^^	^^	^^	^^	^^	^^	^oxarticle^	^^	^^	^^	^^	^^	^^	^0^	^0^	^0^	^0^	^0^	^0^	^^	^^	^^	^^	^0^	^0^	^0^	^4^	^5^	^WEEK^	^0^	^0^	^0^	^0^	^0000-00-00 00:00:00^	^0^	^1^
^b5685a5230f5050475f214b4bb0e239b^	^1^	^^	^1^	^0^	^0000-00-00 00:00:00^	^0000-00-00 00:00:00^	^2403^	^^	^^	^^	^Bindung LIQUID FORCE INDEX BOOT 2010^	^Neues Design des Index Boot für das Jahr 2010^	^159^	^0^	^0^	^0^	^0^	^0^	^0^	^^	^0^	^^	^^	^^	^^	^^	^^	^liquid_force_index_boot_2010_1.jpg^	^^	^^	^^	^^	^^	^^	^^	^^	^^	^^	^^	^0^	^0^	^1^	^^	^^	^0000-00-00^	^2010-12-15^	^2017-12-21 11:27:11^	^0^	^0^	^0^	^^	^bindung, boot, liquid force, index, 2010^	^^	^^	^1^	^0^	^^	^0^	^0^	^^	^159^	^0^	^^	^^	^^	^^	^^	^^	^Binding LIQUID FORCE INDEX BOOT 2010^	^New design of the Index BOOT for the year 2010^	^^	^binding, boot, liquid force, index, 2010^	^^	^^	^^	^^	^^	^^	^^	^^	^^	^^	^oxarticle^	^^	^^	^^	^^	^^	^^	^0^	^0^	^0^	^0^	^0^	^0^	^^	^^	^^	^adc6df0977329923a6330cc8f3c0a906^	^0^	^0^	^0^	^4^	^6^	^WEEK^	^0^	^0^	^0^	^0^	^0000-00-00 00:00:00^	^0^	^1^
^b56c560872da93602ff88c7267eb4774^	^1^	^^	^1^	^0^	^0000-00-00 00:00:00^	^0000-00-00 00:00:00^	^1210^	^^	^^	^^	^Kite NAISH PARK 2011^	^3-Strut-Concept - Freeride leicht gemacht^	^719^	^0^	^0^	^0^	^0^	^0^	^799^	^^	^0^	^^	^^	^^	^^	^^	^^	^naish_park_2011_1.jpg^	^^	^^	^^	^^	^^	^^	^^	^^	^^	^^	^^	^0^	^2^	^1^	^^	^^	^0000-00-00^	^2010-12-15^	^2017-12-21 11:27:11^	^0^	^0^	^0^	^^	^kite, naish, park, 2011, kiteboarding^	^^	^^	^1^	^0^	^^	^0^	^0^	^^	^719^	^0^	^^	^^	^^	^^	^^	^^	^Kite NAISH PARK 2011^	^3-Strut-Concept - Freeride made simple^	^^	^kite, naish, park, 2011, kiteboarding^	^^	^^	^^	^^	^^	^^	^^	^^	^^	^^	^oxarticle^	^^	^^	^^	^^	^^	^^	^0^	^0^	^0^	^0^	^0^	^0^	^^	^^	^^	^90a8a18dd0cf0e7aec5238f30e1c6106^	^0^	^0^	^0^	^2^	^3^	^WEEK^	^0^	^0^	^0^	^0^	^0000-00-00 00:00:00^	^0^	^1^
^d861ad687c60820255dbf8f88516f24d^	^1^	^^	^1^	^0^	^0000-00-00 00:00:00^	^0000-00-00 00:00:00^	^1502^	^^	^^	^^	^Pumpe CABRINHA INFLATION 2011^	^Zuverlässige Pumpe^	^29.9^	^0^	^0^	^0^	^0^	^0^	^0^	^^	^0^	^^	^^	^^	^^	^^	^^	^cabrinha_inflation_pump_1.jpg^	^^	^^	^^	^^	^^	^^	^^	^^	^^	^^	^^	^0^	^20^	^1^	^^	^^	^0000-00-00^	^2010-12-08^	^2017-12-21 11:27:11^	^0^	^0^	^0^	^^	^pumpe, kite, tube, inflation^	^^	^^	^1^	^0^	^^	^0^	^0^	^^	^29.9^	^0^	^^	^^	^^	^^	^^	^^	^Pump CABRINHA INFLATION 2011^	^Reliable pump^	^^	^pump, kite, tube, inflation^	^^	^^	^^	^^	^^	^^	^^	^^	^^	^^	^oxarticle^	^^	^^	^^	^^	^^	^^	^0^	^0^	^0^	^0^	^0^	^0^	^^	^^	^^	^90a3eccf9d7121a9ca7d659f29021b7a^	^0^	^0^	^0^	^2^	^3^	^DAY^	^0^	^0^	^0^	^0^	^0000-00-00 00:00:00^	^0^	^1^
^d86236918e1533cccb679208628eda32^	^1^	^^	^1^	^0^	^0000-00-00 00:00:00^	^0000-00-00 00:00:00^	^1503^	^^	^^	^^	^Smart Loop NAISH^	^Smart Loop mit Trimmleine für SLE '09^	^105^	^0^	^0^	^0^	^0^	^0^	^0^	^^	^0^	^^	^^	^^	^^	^^	^^	^naish_smart_loop_1.jpg^	^^	^^	^^	^^	^^	^^	^^	^^	^^	^^	^^	^0^	^0^	^1^	^^	^^	^0000-00-00^	^2010-12-08^	^2017-12-21 11:27:11^	^0^	^0^	^0^	^^	^trimmleine, smart, loop, naish^	^^	^^	^1^	^0^	^^	^0^	^0^	^^	^105^	^0^	^^	^^	^^	^^	^^	^^	^Smart Loop NAISH^	^Smart Loop with a trim leash for SLE '09^	^^	^^	^^	^^	^^	^^	^^	^^	^^	^^	^^	^^	^oxarticle^	^^	^^	^^	^^	^^	^^	^0^	^0^	^0^	^0^	^0^	^0^	^^	^^	^^	^90a8a18dd0cf0e7aec5238f30e1c6106^	^0^	^0^	^0^	^2^	^3^	^DAY^	^0^	^0^	^0^	^0^	^0000-00-00 00:00:00^	^0^	^1^
^d862c91305fe0d5e86f82122ae9e367c^	^1^	^^	^1^	^0^	^0000-00-00 00:00:00^	^0000-00-00 00:00:00^	^2501^	^^	^^	^^	^Set O'BRIEN DECADE 2010^	^O'Brien Decade Impact Base & Decade CT Boot 2010 im SET^	^679^	^0^	^0^	^0^	^0^	^0^	^799^	^^	^0^	^^	^^	^^	^^	^^	^^	^obrien_decade_impact_base__decade_ct_boot_2010_1.jpg^	^^	^^	^^	^^	^^	^^	^^	^^	^^	^^	^^	^0^	^7^	^1^	^^	^^	^0000-00-00^	^2010-12-08^	^2017-12-21 11:27:11^	^0^	^0^	^0^	^^	^kiteboard, kite, board, boots, set, 2010^	^^	^^	^1^	^0^	^^	^0^	^0^	^^	^679^	^0^	^^	^^	^^	^^	^^	^^	^Set O'BRIEN DECADE 2010^	^O'Brien Decade Impact Base & Decade CT Boot 2010 im SET^	^^	^kiteboard, kite, board, boots, set, 2010^	^^	^^	^^	^^	^^	^^	^^	^^	^^	^^	^oxarticle^	^^	^^	^^	^^	^^	^^	^0^	^1^	^0^	^0^	^0^	^0^	^^	^^	^^	^^	^0^	^0^	^0^	^3^	^5^	^WEEK^	^0^	^0^	^0^	^0^	^0000-00-00 00:00:00^	^0^	^1^
^d8631f92ababb452139f222afb81cd36^	^1^	^^	^1^	^0^	^0000-00-00 00:00:00^	^0000-00-00 00:00:00^	^1303^	^^	^^	^^	^Kiteboard NAISH MOMENTUM^	^Das meistgefragte Board für Wakestyle und Freeride^	^539^	^0^	^0^	^0^	^0^	^0^	^0^	^^	^0^	^^	^^	^^	^^	^^	^^	^naish_momentum_2011_1.jpg^	^naish_momentum_2011_deck.jpg^	^naish_momentum_2011_bottom.jpg^	^^	^^	^^	^^	^^	^^	^^	^^	^^	^0^	^5^	^1^	^^	^^	^0000-00-00^	^2010-12-08^	^2017-12-21 11:27:11^	^0^	^0^	^0^	^^	^^	^^	^^	^1^	^0^	^^	^0^	^0^	^^	^539^	^0^	^^	^^	^^	^^	^^	^^	^Kiteboard NAISH MOMENTUM^	^The most used board for wakestyle and freeride^	^^	^kiteboard, kite, board, momentum, performance, freeride^	^^	^^	^^	^^	^^	^^	^^	^^	^^	^^	^oxarticle^	^^	^^	^^	^^	^^	^^	^0^	^1^	^0^	^0^	^0^	^0^	^^	^^	^^	^90a8a18dd0cf0e7aec5238f30e1c6106^	^0^	^0^	^0^	^1^	^3^	^DAY^	^0^	^0^	^0^	^0^	^0000-00-00 00:00:00^	^0^	^1^
^d866060a82d29bc94db20bdfd0e73713^	^1^	^^	^1^	^0^	^0000-00-00 00:00:00^	^0000-00-00 00:00:00^	^2502^	^^	^^	^^	^Set O'BRIEN VICE 2010^	^O'Brien Vice & Vice CT Boot 2010 im SET^	^599^	^0^	^0^	^0^	^0^	^0^	^0^	^^	^0^	^^	^^	^^	^^	^^	^^	^obrien_vice__vice_ct_boot_2010_1.jpg^	^^	^^	^^	^^	^^	^^	^^	^^	^^	^^	^^	^0^	^18^	^1^	^^	^^	^0000-00-00^	^2010-12-08^	^2017-12-21 11:27:11^	^0^	^0^	^0^	^^	^kiteboard, kite, board, boots, set, 2010^	^^	^^	^1^	^0^	^^	^0^	^0^	^^	^599^	^0^	^^	^^	^^	^^	^^	^^	^Set O'BRIEN VICE 2010^	^O'Brien Vice & Vice CT Boot 2010 in a SET^	^^	^kiteboard, kite, board, boots, set, 2010^	^^	^^	^^	^^	^^	^^	^^	^^	^^	^^	^oxarticle^	^^	^^	^^	^^	^^	^^	^0^	^0^	^0^	^0^	^0^	^0^	^^	^^	^^	^^	^0^	^0^	^0^	^3^	^5^	^WEEK^	^0^	^0^	^0^	^0^	^0000-00-00 00:00:00^	^0^	^1^
^d86e244c8114c8214fbf83da8d6336b3^	^1^	^^	^1^	^0^	^0000-00-00 00:00:00^	^0000-00-00 00:00:00^	^2102^	^^	^^	^^	^Wakeboard LIQUID FORCE SHANE 2010^	^Das PRO-Modell von Shane Bonifay^	^389^	^0^	^0^	^0^	^0^	^0^	^0^	^^	^0^	^^	^^	^^	^^	^^	^^	^lf_shane_1.jpg^	^lf_shane_deck_1.jpg^	^lf_shane_bottom_1.jpg^	^^	^^	^^	^^	^^	^^	^^	^^	^^	^0^	^2^	^1^	^^	^^	^0000-00-00^	^2010-12-08^	^2017-12-21 11:27:11^	^0^	^0^	^0^	^^	^wakeboarding, wake, board, liquid force, shane, bonifay^	^^	^^	^1^	^0^	^^	^0^	^0^	^^	^389^	^0^	^^	^^	^^	^^	^^	^^	^Wakeboard SHANE^	^The professional model by Shane Bonifay^	^^	^wakeboarding, wake, board, liquid force, shane, bonifay^	^^	^^	^^	^^	^^	^^	^^	^^	^^	^^	^oxarticle^	^^	^^	^^	^^	^^	^^	^0^	^1^	^0^	^0^	^0^	^0^	^^	^^	^^	^adc6df0977329923a6330cc8f3c0a906^	^0^	^4^	^1^	^3^	^5^	^DAY^	^0^	^0^	^0^	^0^	^0000-00-00 00:00:00^	^0^	^1^
^d86f775338da3228bec9e968f02e7551^	^1^	^^	^1^	^0^	^0000-00-00 00:00:00^	^0000-00-00 00:00:00^	^1504^	^^	^^	^^	^Kite Leinen VECTOR QUAD PRO^	^Starke Kite Leinen in verschiedenen Ausführungen^	^35.5^	^0^	^0^	^0^	^0^	^0^	^39.9^	^^	^0^	^^	^^	^^	^^	^^	^^	^vector_kitelinen_quad_pro_1.jpg^	^^	^^	^^	^^	^^	^^	^^	^^	^^	^^	^^	^0^	^25^	^1^	^^	^^	^0000-00-00^	^2010-12-08^	^2017-12-21 11:27:11^	^0^	^0^	^0^	^^	^kiteboarding, kite, kiteleinen, leinen, quad, pro^	^^	^^	^1^	^0^	^^	^0^	^0^	^^	^35.5^	^0^	^^	^^	^^	^^	^^	^^	^Kite lines VECTOR QUAD PRO^	^Heavy kite lines in different editions^	^^	^kiteboarding, kite, kite lines, leashes, quad, pro^	^^	^^	^^	^^	^^	^^	^^	^^	^^	^^	^oxarticle^	^^	^^	^^	^^	^^	^^	^0^	^0^	^0^	^0^	^0^	^0^	^^	^^	^^	^^	^0^	^0^	^0^	^3^	^5^	^DAY^	^0^	^0^	^0^	^0^	^0000-00-00 00:00:00^	^0^	^1^
^dc53d3c0ca2ae7c38bf51f3410da0bf8^	^1^	^dc581d8a115035cbfb0223c9c736f513^	^1^	^0^	^0000-00-00 00:00:00^	^0000-00-00 00:00:00^	^3552-1^	^^	^^	^^	^^	^Lässiges Herrenshirt mit Aufdruck^	^29.9^	^0^	^0^	^0^	^0^	^0^	^0^	^^	^0^	^^	^^	^^	^^	^^	^^	^img_0019_1_z4.jpg^	^img_0022_z5.jpg^	^img_0024_z6.jpg^	^^	^^	^^	^^	^^	^^	^^	^^	^^	^0^	^33^	^1^	^^	^^	^0000-00-00^	^2010-12-10^	^2017-12-21 11:27:11^	^0^	^0^	^0^	^^	^shirt, tiger, organic, men^	^^	^^	^0^	^0^	^Größe | Farbe^	^0^	^0^	^S | grau^	^0^	^0^	^^	^S | gray^	^^	^^	^^	^^	^^	^Short sleeve shirt for men^	^^	^shirt, tiger, organic, men, grey, orange^	^^	^^	^^	^^	^^	^^	^^	^^	^^	^^	^oxarticle^	^^	^^	^^	^^	^^	^^	^1^	^0^	^0^	^0^	^0^	^0^	^^	^^	^a57c56e3ba710eafb2225e98f058d989^	^9434afb379a46d6c141de9c9e5b94fcf^	^0^	^0^	^0^	^2^	^3^	^WEEK^	^0^	^0^	^0^	^0^	^0000-00-00 00:00:00^	^0^	^1^
^dc5480c47d8cd5a9eab9da5db9159cc6^	^1^	^^	^1^	^0^	^0000-00-00 00:00:00^	^0000-00-00 00:00:00^	^1207^	^^	^^	^^	^Kite RRD PASSION 2009^	^Ein echter Allrounder^	^699^	^0^	^0^	^0^	^0^	^0^	^899^	^^	^0^	^^	^^	^^	^^	^^	^^	^rrd_passion_2009_1.jpg^	^^	^^	^^	^^	^^	^^	^^	^^	^^	^^	^^	^0^	^20^	^1^	^^	^^	^0000-00-00^	^2010-12-10^	^2017-12-21 11:27:11^	^0^	^0^	^0^	^^	^kiteboarding, kite, rrd, passion, 2009, ^	^^	^^	^1^	^0^	^^	^0^	^0^	^^	^699^	^0^	^^	^^	^^	^^	^^	^^	^Kite RRD PASSION 2009^	^A real allrounder^	^^	^kiteboarding, kite, rrd, passion, 2009, ^	^^	^^	^^	^^	^^	^^	^^	^^	^^	^^	^oxarticle^	^^	^^	^^	^^	^^	^^	^0^	^0^	^0^	^0^	^0^	^0^	^^	^^	^^	^adca51c88a3caa1c7b939fd6a229ae3a^	^0^	^0^	^0^	^1^	^2^	^DAY^	^0^	^0^	^0^	^0^	^0000-00-00 00:00:00^	^0^	^1^
^dc55b2b2e633527f9a8b2408a032f28f^	^1^	^^	^1^	^0^	^0000-00-00 00:00:00^	^0000-00-00 00:00:00^	^3504^	^^	^^	^^	^Kuyichi Gürtel JUNO^	^Gürtel schwarz, unisex^	^24.9^	^0^	^0^	^0^	^0^	^0^	^0^	^^	^0^	^^	^^	^^	^^	^^	^^	^p1170203_1.jpg^	^p1170205_1.jpg^	^^	^^	^^	^^	^^	^^	^^	^^	^^	^^	^0^	^25^	^1^	^^	^^	^0000-00-00^	^2010-12-10^	^2017-12-21 11:27:11^	^0^	^0^	^0^	^^	^kuyichi, gürtel, schwarz, unisex, juno^	^^	^^	^1^	^0^	^^	^0^	^0^	^^	^24.9^	^0^	^^	^^	^^	^^	^^	^^	^Kuyichi belt JUNO^	^Black belt, unisex^	^^	^kuyichi, belt, unisex, juno^	^^	^^	^^	^^	^^	^^	^^	^^	^^	^^	^oxarticle^	^^	^^	^^	^^	^^	^^	^0^	^0^	^0^	^0^	^0^	^0^	^^	^^	^a57c56e3ba710eafb2225e98f058d989^	^9434afb379a46d6c141de9c9e5b94fcf^	^0^	^0^	^0^	^2^	^4^	^DAY^	^0^	^0^	^0^	^0^	^0000-00-00 00:00:00^	^0^	^1^
^dc57391739360d306c8dfcb3a4295e19^	^1^	^^	^1^	^0^	^0000-00-00 00:00:00^	^0000-00-00 00:00:00^	^1206^	^^	^^	^^	^Kite RRD PASSION 2010^	^Ein außergewöhnlicher "Easy Performer"^	^589^	^0^	^0^	^0^	^0^	^0^	^0^	^^	^0^	^^	^^	^^	^^	^^	^^	^rrd_passion_2010_1.jpg^	^^	^^	^^	^^	^^	^^	^^	^^	^^	^^	^^	^0^	^6^	^1^	^^	^^	^0000-00-00^	^2010-12-10^	^2017-12-21 11:27:11^	^0^	^0^	^0^	^^	^kite, rrd, passion, 2010^	^^	^^	^1^	^0^	^^	^0^	^0^	^^	^589^	^0^	^^	^^	^^	^^	^^	^^	^Kite RRD PASSION 2010^	^An outstanding "Easy Performer"^	^^	^kite, rrd, passion, 2010^	^^	^^	^^	^^	^^	^^	^^	^^	^^	^^	^oxarticle^	^^	^^	^^	^^	^^	^^	^0^	^0^	^0^	^0^	^0^	^0^	^^	^^	^^	^adca51c88a3caa1c7b939fd6a229ae3a^	^0^	^0^	^0^	^4^	^6^	^WEEK^	^0^	^0^	^0^	^0^	^0000-00-00 00:00:00^	^0^	^1^
^dc581d8a115035cbfb0223c9c736f513^	^1^	^^	^1^	^0^	^0000-00-00 00:00:00^	^0000-00-00 00:00:00^	^3552^	^^	^^	^^	^Kuyichi T-Shirt TIGER^	^Lässiges Herrenshirt mit Aufdruck^	^29.9^	^0^	^0^	^0^	^0^	^0^	^0^	^^	^0^	^^	^^	^^	^^	^^	^^	^img_0027_1.jpg^	^img_0030.jpg^	^img_0032.jpg^	^img_0019_1.jpg^	^img_0022.jpg^	^img_0024.jpg^	^^	^^	^^	^^	^^	^^	^0^	^78^	^1^	^^	^^	^0000-00-00^	^2010-12-10^	^2017-12-21 11:27:11^	^0^	^0^	^0^	^^	^shirt, tiger, organic, men^	^^	^^	^1^	^0^	^Größe | Farbe^	^89^	^6^	^^	^29.9^	^29.9^	^Size | Color^	^^	^^	^^	^^	^^	^Kuyichi T-Shirt TIGER^	^Short sleeve shirt for men^	^^	^shirt, tiger, organic, men, grey, orange^	^^	^^	^^	^^	^^	^^	^^	^^	^^	^^	^oxarticle^	^^	^^	^^	^^	^^	^^	^0^	^1^	^0^	^0^	^0^	^0^	^^	^^	^a57c56e3ba710eafb2225e98f058d989^	^9434afb379a46d6c141de9c9e5b94fcf^	^0^	^0^	^0^	^1^	^3^	^DAY^	^0^	^0^	^0^	^0^	^0000-00-00 00:00:00^	^0^	^1^
^dc5ae3d43f96269ed3c62172e383be40^	^1^	^dc581d8a115035cbfb0223c9c736f513^	^1^	^0^	^0000-00-00 00:00:00^	^0000-00-00 00:00:00^	^3552-2^	^^	^^	^^	^^	^Lässiges Herrenshirt mit Aufdruck^	^29.9^	^0^	^0^	^0^	^0^	^0^	^0^	^^	^0^	^^	^^	^^	^^	^^	^^	^img_0027_1_z1.jpg^	^img_0030_z2.jpg^	^img_0032_z3.jpg^	^^	^^	^^	^^	^^	^^	^^	^^	^^	^0^	^44^	^1^	^^	^^	^0000-00-00^	^2010-12-10^	^2017-12-21 11:27:11^	^0^	^0^	^0^	^^	^shirt, tiger, organic, men^	^^	^^	^0^	^0^	^^	^0^	^0^	^S | orange^	^0^	^0^	^^	^S | orange^	^^	^^	^^	^^	^^	^Short sleeve shirt for men^	^^	^shirt, tiger, organic, men, grey, orange^	^^	^^	^^	^^	^^	^^	^^	^^	^^	^^	^oxarticle^	^^	^^	^^	^^	^^	^^	^1^	^0^	^0^	^0^	^0^	^0^	^^	^^	^a57c56e3ba710eafb2225e98f058d989^	^9434afb379a46d6c141de9c9e5b94fcf^	^0^	^0^	^0^	^3^	^5^	^WEEK^	^0^	^0^	^0^	^0^	^0000-00-00 00:00:00^	^0^	^1^
^dc5b9cfeb5bd96fdbd9b4e43974661a1^	^1^	^^	^1^	^0^	^0000-00-00 00:00:00^	^0000-00-00 00:00:00^	^1201^	^^	^^	^^	^Kite FLYSURFER SPEED3^	^Die ultimative Flugmaschine^	^1599^	^0^	^0^	^0^	^0^	^0^	^1799^	^^	^0^	^^	^^	^^	^^	^^	^^	^2010_speed3_120_1.jpg^	^^	^^	^^	^^	^^	^^	^^	^^	^^	^^	^^	^0^	^3^	^1^	^^	^^	^0000-00-00^	^2010-12-10^	^2017-12-21 11:27:11^	^0^	^0^	^0^	^^	^kite, flysurfer, speed3^	^^	^^	^1^	^0^	^^	^0^	^0^	^^	^1599^	^0^	^^	^^	^^	^^	^^	^^	^Kite FLYSURFER SPEED3^	^The ultimate flying machine^	^^	^kite, flysurfer, speed3^	^^	^^	^^	^^	^^	^^	^^	^^	^^	^^	^oxarticle^	^^	^^	^^	^^	^^	^^	^0^	^0^	^0^	^0^	^0^	^0^	^^	^^	^^	^dc50589ad69b6ec71721b25bdd403171^	^0^	^0^	^0^	^3^	^4^	^DAY^	^0^	^0^	^0^	^0^	^0000-00-00 00:00:00^	^0^	^1^
^dc5ffdf380e15674b56dd562a7cb6aec^	^1^	^^	^1^	^0^	^0000-00-00 00:00:00^	^0000-00-00 00:00:00^	^3503^	^^	^^	^^	^Kuyichi Ledergürtel JEVER^	^Ledergürtel, unisex^	^29.9^	^0^	^0^	^0^	^0^	^0^	^39.9^	^^	^0^	^^	^^	^^	^^	^^	^^	^p1170221_1.jpg^	^p1170222_1.jpg^	^^	^^	^^	^^	^^	^^	^^	^^	^^	^^	^0^	^15^	^1^	^^	^^	^0000-00-00^	^2010-12-10^	^2017-12-21 11:27:11^	^0^	^0^	^0^	^^	^kuyichi, leder, ledergürtel, unisex, used^	^^	^^	^1^	^0^	^^	^0^	^0^	^^	^29.9^	^0^	^^	^^	^^	^^	^^	^^	^Kuyichi leather belt JEVER^	^Leather belt, unisex^	^^	^kuyichi, leather, leather belt, unisex, used^	^^	^^	^^	^^	^^	^^	^^	^^	^^	^^	^oxarticle^	^^	^^	^^	^^	^^	^^	^0^	^3^	^0^	^0^	^0^	^0^	^^	^^	^a57c56e3ba710eafb2225e98f058d989^	^9434afb379a46d6c141de9c9e5b94fcf^	^0^	^0^	^1^	^2^	^3^	^DAY^	^0^	^0^	^0^	^0^	^0000-00-00 00:00:00^	^0^	^1^
^ed6573c0259d6a6fb641d106dcb2faec^	^1^	^^	^1^	^0^	^0000-00-00 00:00:00^	^0000-00-00 00:00:00^	^2103^	^^	^^	^^	^Wakeboard LIQUID FORCE GROOVE 2010^	^Stylisches Wakeboard mit traumhafter Performance^	^329^	^0^	^0^	^0^	^0^	^0^	^399^	^^	^0^	^^	^^	^^	^^	^^	^^	^lf_groove_2010_1.jpg^	^lf_groove_2010_deck_1.jpg^	^lf_groove_2010_bottom_1.jpg^	^^	^^	^^	^^	^^	^^	^^	^^	^^	^0^	^9^	^1^	^^	^^	^0000-00-00^	^2010-12-09^	^2017-12-21 11:27:11^	^0^	^0^	^0^	^^	^wakeboarding, wake, board, liquid force, groove^	^^	^^	^1^	^0^	^^	^0^	^0^	^^	^329^	^329^	^^	^^	^^	^^	^^	^^	^Wakeboard GROOVE^	^A stylish wakeboard with a fabtastic performance^	^^	^wakeboarding, wake, board, liquid force, groove^	^^	^^	^^	^^	^^	^^	^^	^^	^^	^^	^oxarticle^	^^	^^	^^	^^	^^	^^	^0^	^1^	^0^	^0^	^0^	^0^	^^	^^	^^	^adc6df0977329923a6330cc8f3c0a906^	^0^	^0^	^0^	^1^	^3^	^DAY^	^0^	^0^	^0^	^0^	^0000-00-00 00:00:00^	^0^	^1^
^ed6a2b0b90cab3f60a2dfd1c91fceb77^	^1^	^^	^1^	^0^	^0000-00-00 00:00:00^	^0000-00-00 00:00:00^	^3402^	^^	^^	^^	^Neoprenschuh ION BALLISTIC SLIPPER 1.5^	^Der ultimative Schutz Ihrer Füße^	^44.9^	^0^	^0^	^0^	^0^	^0^	^59.9^	^^	^0^	^^	^^	^^	^^	^^	^^	^ion_ballistic_slipper_15_1.jpg^	^^	^^	^^	^^	^^	^^	^^	^^	^^	^^	^^	^0^	^0^	^1^	^^	^^	^0000-00-00^	^2010-12-09^	^2017-12-21 11:27:11^	^0^	^0^	^0^	^^	^neopren, schuh, schutz, kiteboarding, surfboarding, ion, slipper^	^^	^^	^1^	^0^	^^	^0^	^0^	^^	^44.9^	^0^	^^	^^	^^	^^	^^	^^	^Neoprene shoe ION BALLISTIC SLIPPER 1.5^	^The ultimate protection for your feet^	^^	^neoprene, shoe, ballistic, slipper^	^^	^^	^^	^^	^^	^^	^^	^^	^^	^^	^oxarticle^	^^	^^	^^	^^	^^	^^	^0^	^0^	^0^	^0^	^0^	^0^	^^	^^	^^	^90a0b84564cde2394491df1c673b6aa0^	^0^	^0^	^0^	^2^	^4^	^DAY^	^0^	^0^	^0^	^0^	^0000-00-00 00:00:00^	^0^	^1^
^ed6a4182ae58874e4fdaa4775566af6c^	^1^	^^	^1^	^0^	^0000-00-00 00:00:00^	^0000-00-00 00:00:00^	^2104^	^^	^^	^^	^Wakeboard LIQUID FORCE S4 2010^	^Das PRO-Modell von Phillip Soven^	^389^	^0^	^0^	^0^	^0^	^0^	^0^	^^	^0^	^^	^^	^^	^^	^^	^^	^lf_s4_1.jpg^	^lf_s4_deck_1.jpg^	^lf_s4_bottom_1.jpg^	^^	^^	^^	^^	^^	^^	^^	^^	^^	^0^	^11^	^1^	^^	^^	^0000-00-00^	^2010-12-09^	^2017-12-21 11:27:11^	^0^	^0^	^0^	^^	^wakeboarding, wake, board, liquid force, s4^	^^	^^	^1^	^0^	^^	^0^	^0^	^^	^389^	^0^	^^	^^	^^	^^	^^	^^	^Wakeboard S4^	^The professional model by Phillip Soven^	^^	^wakeboarding, wake, board, liquid force, s4^	^^	^^	^^	^^	^^	^^	^^	^^	^^	^^	^oxarticle^	^^	^^	^^	^^	^^	^^	^0^	^1^	^0^	^0^	^0^	^0^	^^	^^	^^	^adc6df0977329923a6330cc8f3c0a906^	^0^	^0^	^0^	^1^	^3^	^DAY^	^0^	^0^	^0^	^0^	^0000-00-00 00:00:00^	^0^	^1^
^f33d5bcc7135908fd36fc736c643aa1c^	^1^	^^	^1^	^0^	^0000-00-00 00:00:00^	^0000-00-00 00:00:00^	^1506^	^^	^^	^^	^KiteFix Kleber GLUFIX (30g)^	^Speziell für Kites entwickelter Klebstoff^	^12.49^	^0^	^0^	^0^	^0^	^0^	^0^	^g^	^30^	^^	^^	^^	^^	^glufix_z1a_th_th.jpg^	^glufix_z1a_ico_ico.jpg^	^glufix_z1a.jpg^	^^	^^	^^	^^	^^	^^	^^	^^	^^	^^	^^	^0^	^27^	^1^	^^	^^	^0000-00-00^	^2011-03-24^	^2017-12-21 11:27:11^	^0^	^0^	^0^	^^	^kite, kitefix, kleber, glufix^	^^	^^	^1^	^0^	^^	^0^	^0^	^^	^12.49^	^0^	^^	^^	^^	^^	^^	^^	^KiteFix Glue GLUFIX (30g)^	^Specially developed for fixing kites^	^^	^kite, kitefix, glue, glufix^	^^	^^	^^	^^	^^	^^	^^	^^	^^	^^	^oxarticle^	^^	^^	^^	^^	^^	^^	^0^	^3^	^0^	^0^	^0^	^0^	^^	^^	^^	^^	^0^	^0^	^0^	^1^	^2^	^DAY^	^0^	^0^	^0^	^0^	^0000-00-00 00:00:00^	^0^	^1^
^f4f0cb3606e231c3fdb34fcaee2d6d04^	^1^	^^	^1^	^0^	^0000-00-00 00:00:00^	^0000-00-00 00:00:00^	^1204^	^^	^^	^^	^Kite LIQUID FORCE ENVY^	^Ziehe den Neid der anderen Kiter auf Dich^	^1019^	^0^	^0^	^0^	^0^	^0^	^0^	^^	^0^	^^	^^	^^	^^	^^	^^	^lf_envy_2010_1.jpg^	^^	^^	^^	^^	^^	^^	^^	^^	^^	^^	^^	^0^	^0^	^1^	^^	^^	^0000-00-00^	^2010-12-06^	^2017-12-21 11:27:11^	^0^	^0^	^0^	^^	^kite, liquid force, envy^	^^	^^	^1^	^0^	^^	^0^	^0^	^^	^1019^	^0^	^^	^^	^^	^^	^^	^^	^Kite LIQUID FORCE ENVY^	^Let the other kiters go green with envy^	^^	^kite, liquid force, envy^	^^	^^	^^	^^	^^	^^	^^	^^	^^	^^	^oxarticle^	^^	^^	^^	^^	^^	^^	^0^	^0^	^0^	^0^	^0^	^0^	^^	^^	^^	^adc6df0977329923a6330cc8f3c0a906^	^0^	^0^	^0^	^3^	^4^	^WEEK^	^0^	^0^	^0^	^0^	^0000-00-00 00:00:00^	^0^	^1^
^f4f2d8eee51b0fd5eb60a46dff1166d8^	^1^	^^	^1^	^0^	^0000-00-00 00:00:00^	^0000-00-00 00:00:00^	^1401^	^^	^^	^^	^Trapez ION SOL KITE 2011^	^Neues Damen Freestyle-Trapez mit einer schlank geschnittenen Outline^	^129^	^0^	^0^	^0^	^0^	^0^	^0^	^^	^0^	^^	^^	^^	^^	^^	^^	^ion_sol_kite_waist_2011_1.jpg^	^^	^^	^^	^^	^^	^^	^^	^^	^^	^^	^^	^0^	^3^	^1^	^^	^^	^0000-00-00^	^2010-12-06^	^2017-12-21 11:27:11^	^0^	^0^	^0^	^^	^trapez, hüfttrapez, sol kite^	^^	^^	^1^	^0^	^^	^0^	^0^	^^	^129^	^129^	^^	^^	^^	^^	^^	^^	^Harness SOL KITE^	^A new ladies freestyle harness with a lean cut outline^	^^	^harness, hip harness, sol kite^	^^	^^	^^	^^	^^	^^	^^	^^	^^	^^	^oxarticle^	^^	^^	^^	^^	^^	^^	^0^	^1^	^0^	^0^	^0^	^0^	^^	^^	^^	^90a0b84564cde2394491df1c673b6aa0^	^0^	^0^	^0^	^2^	^4^	^DAY^	^0^	^0^	^0^	^0^	^0000-00-00 00:00:00^	^0^	^1^
^f4f73033cf5045525644042325355732^	^1^	^^	^1^	^0^	^0000-00-00 00:00:00^	^0000-00-00 00:00:00^	^3788^	^^	^^	^^	^Transportcontainer THE BARREL^	^Wasserdichter Container für nasse Neos, kühle Getränke oder Klamotten^	^24.95^	^0^	^0^	^0^	^0^	^0^	^0^	^^	^0^	^^	^^	^^	^^	^mikejucker_textilcontainer_2_th.jpg^	^^	^mikejucker_textilcontainer_1.jpg^	^^	^^	^^	^^	^^	^^	^^	^^	^^	^^	^^	^0^	^49^	^1^	^^	^^	^0000-00-00^	^2010-12-06^	^2017-12-21 11:27:11^	^0^	^0^	^0^	^^	^transport, tasche, fass, getränke, kleidung^	^^	^^	^1^	^1^	^^	^0^	^0^	^^	^24.95^	^0^	^^	^^	^^	^^	^^	^^	^Transport container BARREL^	^Waterproof container for wetsuits, cool beverages or gear^	^^	^transport, bag, barrel, beverages, gear, clothes^	^^	^^	^^	^^	^^	^^	^^	^^	^^	^^	^oxarticle^	^^	^^	^^	^^	^^	^^	^0^	^1^	^0^	^0^	^0^	^0^	^^	^^	^^	^3a9fd0ec4b41d001e770b1d2d7af3e73^	^0^	^0^	^0^	^3^	^5^	^WEEK^	^0^	^0^	^0^	^0^	^0000-00-00 00:00:00^	^0^	^1^
^f4f981b0d9e34d2aeda82d79412480a4^	^1^	^^	^1^	^0^	^0000-00-00 00:00:00^	^0000-00-00 00:00:00^	^3501^	^^	^^	^^	^Sonnenbrille TRIGGERNAUT AGENT ORANGE^	^Stylische Sonnenbrille^	^79^	^0^	^0^	^0^	^0^	^0^	^0^	^^	^0^	^^	^^	^^	^^	^^	^^	^sonnenbrille_triggernaut_agent-orange_45grad_1.jpg^	^^	^^	^^	^^	^^	^^	^^	^^	^^	^^	^^	^0^	^0^	^1^	^^	^^	^0000-00-00^	^2010-12-06^	^2017-12-21 11:27:11^	^0^	^0^	^0^	^^	^brille, sonnenbrille, orange, agent^	^^	^^	^1^	^0^	^^	^0^	^0^	^^	^79^	^0^	^^	^^	^^	^^	^^	^^	^Sun glasses TRIGGERNAUT AGENT ORANGE^	^Stylish sun glasses^	^^	^glasses, sun glasses, orange, agent^	^^	^^	^^	^^	^^	^^	^^	^^	^^	^^	^oxarticle^	^^	^^	^^	^^	^^	^^	^0^	^0^	^0^	^0^	^0^	^0^	^^	^^	^^	^^	^0^	^0^	^0^	^2^	^4^	^DAY^	^0^	^0^	^0^	^0^	^0000-00-00 00:00:00^	^0^	^1^
^f4fc98f99e3660bd2ecd7450f832c41a^	^1^	^^	^1^	^0^	^0000-00-00 00:00:00^	^0000-00-00 00:00:00^	^3101^	^^	^^	^^	^Neoprenanzug NPX ASSASSIN^	^Beste Bewegungsfreiheit kombiniert mit neustem Design^	^269^	^0^	^0^	^0^	^0^	^0^	^299^	^^	^0^	^^	^^	^^	^^	^npx_assassin_semidry_543_e3_2011_th_th.jpg^	^npx_assassin_semidry_543_e3_2011_ico_ico.jpg^	^npx_assassin_semidry_543_e3_2011_z1.jpg^	^^	^^	^^	^^	^^	^^	^^	^^	^^	^^	^^	^0^	^26^	^1^	^^	^^	^0000-00-00^	^2010-12-06^	^2017-12-21 11:27:11^	^0^	^0^	^0^	^^	^neopren, anzug, semidry, npx, assassin, 2011^	^^	^^	^1^	^0^	^^	^0^	^0^	^^	^269^	^269^	^^	^^	^^	^^	^^	^^	^Wetsuit NPX ASSASSIN^	^Semidry wetsuit for men^	^^	^neoprene, suit, wetsuit, semidry, npx, assassin, 2011^	^^	^^	^^	^^	^^	^^	^^	^^	^^	^^	^oxarticle^	^^	^^	^^	^^	^^	^^	^0^	^0^	^0^	^0^	^0^	^0^	^^	^^	^^	^dc5ec524a9aa6175cf7a498d70ce510a^	^0^	^0^	^0^	^1^	^2^	^DAY^	^0^	^0^	^0^	^0^	^0000-00-00 00:00:00^	^0^	^1^
^f4fe052346b4ec271011e25c052682c5^	^1^	^^	^1^	^0^	^0000-00-00 00:00:00^	^0000-00-00 00:00:00^	^1205^	^^	^^	^^	^Kite CORE GT^	^Der ultimative Alleskönner mit viel Performance^	^699^	^0^	^0^	^0^	^0^	^0^	^799^	^^	^0^	^^	^^	^^	^^	^^	^^	^core2009_gt_1.jpg^	^^	^^	^^	^^	^^	^^	^^	^^	^^	^^	^^	^0^	^12^	^1^	^^	^^	^0000-00-00^	^2010-12-06^	^2017-12-21 11:27:11^	^0^	^0^	^0^	^^	^kite, core, gt, kiteboarding^	^^	^^	^1^	^0^	^^	^0^	^0^	^^	^699^	^699^	^^	^^	^^	^^	^^	^^	^Kite CORE GT^	^The ultimate allrounder with loads of performance^	^^	^kite, core, gt, kiteboarding^	^^	^^	^^	^^	^^	^^	^^	^^	^^	^^	^oxarticle^	^^	^^	^^	^^	^^	^^	^0^	^0^	^0^	^0^	^0^	^0^	^^	^^	^^	^adc566c366db8eaf30c6c124a09e82b3^	^0^	^0^	^0^	^3^	^4^	^WEEK^	^0^	^0^	^0^	^0^	^0000-00-00 00:00:00^	^0^	^1^
^f4fe754e1692b9f79f2a7b1a01bb8dee^	^1^	^^	^1^	^0^	^0000-00-00 00:00:00^	^0000-00-00 00:00:00^	^1301^	^^	^^	^^	^Kiteboard RRD TOXIC WAVE2^	^Das unmögliche einfach machen...^	^509^	^0^	^0^	^0^	^0^	^0^	^599^	^^	^0^	^^	^^	^^	^^	^^	^^	^rrdtoxicwave2-deck.jpg^	^^	^^	^^	^^	^^	^^	^^	^^	^^	^^	^^	^0^	^3^	^1^	^^	^^	^2011-03-03^	^2010-12-06^	^2017-12-21 11:27:11^	^0^	^0^	^0^	^^	^^	^^	^^	^1^	^0^	^^	^0^	^0^	^^	^509^	^0^	^^	^^	^^	^^	^^	^^	^Kiteboard RRD TOXIC WAVE2^	^Make the impossible easy...^	^^	^kiteboard, kite, board, rrd, toxic^	^^	^^	^^	^^	^^	^^	^^	^^	^^	^^	^oxarticle^	^^	^^	^^	^^	^^	^^	^0^	^0^	^0^	^0^	^0^	^0^	^^	^^	^^	^adca51c88a3caa1c7b939fd6a229ae3a^	^0^	^4^	^1^	^4^	^6^	^DAY^	^0^	^0^	^0^	^0^	^0000-00-00 00:00:00^	^0^	^1^
^fad21eb148918c8f4d9f0077fedff1ba^	^1^	^^	^1^	^0^	^0000-00-00 00:00:00^	^0000-00-00 00:00:00^	^1202^	^^	^^	^^	^Kite LIQUID FORCE HAVOC^	^Gebaut für traumhafte Kite-Sessions^	^1189^	^0^	^0^	^0^	^0^	^0^	^0^	^^	^0^	^^	^^	^^	^^	^^	^^	^lf_havoc_2010_1.jpg^	^^	^^	^^	^^	^^	^^	^^	^^	^^	^^	^^	^0^	^5^	^1^	^^	^^	^0000-00-00^	^2010-12-03^	^2017-12-21 11:27:11^	^0^	^0^	^0^	^^	^kite, kiteboard, havoc, liquid, force^	^^	^^	^1^	^0^	^^	^0^	^0^	^^	^1189^	^0^	^^	^^	^^	^^	^^	^^	^Kite LIQUID FORCE HAVOC^	^Built for fantastic kite sessions^	^^	^kite, kiteboard, havoc, liquid, force^	^^	^^	^^	^^	^^	^^	^^	^^	^^	^^	^oxarticle^	^^	^^	^^	^^	^^	^^	^0^	^0^	^0^	^0^	^0^	^0^	^^	^^	^^	^adc6df0977329923a6330cc8f3c0a906^	^0^	^0^	^0^	^2^	^4^	^WEEK^	^0^	^0^	^0^	^0^	^0000-00-00 00:00:00^	^0^	^1^
^fadc492a5807c56eb80b0507accd756b^	^1^	^^	^1^	^0^	^0000-00-00 00:00:00^	^0000-00-00 00:00:00^	^1203^	^^	^^	^^	^Kite SPLEENE SP-X 2010^	^Das ultimative C-Kite-Feeling^	^1169^	^0^	^0^	^0^	^0^	^0^	^0^	^^	^0^	^^	^^	^^	^^	^^	^^	^spleene_spx_1.jpg^	^^	^^	^^	^^	^^	^^	^^	^^	^^	^^	^^	^0^	^0^	^1^	^^	^^	^0000-00-00^	^2010-12-03^	^2017-12-21 11:27:11^	^0^	^0^	^0^	^^	^kite, kiteboard, spleene, sp-x, 2010^	^^	^^	^1^	^0^	^^	^0^	^0^	^^	^1169^	^0^	^^	^^	^^	^^	^^	^^	^Kite SPLEENE SP-X 2010^	^The ultimate c-kite feeling^	^^	^kite, kiteboard, spleene, sp-x, 2010^	^^	^^	^^	^^	^^	^^	^^	^^	^^	^^	^oxarticle^	^^	^^	^^	^^	^^	^^	^0^	^0^	^0^	^0^	^0^	^0^	^^	^^	^^	^adca6aa4df3f95b6b46e28d4fc5855ba^	^0^	^0^	^0^	^1^	^2^	^DAY^	^0^	^0^	^0^	^0^	^0000-00-00 00:00:00^	^0^	^1^
^fc71f70c3398ee4c2cdd101494087185^	^1^	^^	^1^	^0^	^0000-00-00 00:00:00^	^0000-00-00 00:00:00^	^4001^	^^	^^	^^	^Stickerset MIX^	^Diverse Aufkleber, Auswahl erfolgt zufällig.^	^4.99^	^0^	^0^	^0^	^0^	^0^	^0^	^^	^0^	^^	^^	^^	^^	^stickerset_mix_2_th.jpg^	^^	^stickerset_mix.jpg^	^^	^^	^^	^^	^^	^^	^^	^^	^^	^^	^^	^0^	^99^	^1^	^^	^^	^0000-00-00^	^2010-12-07^	^2017-12-21 11:27:11^	^0^	^0^	^0^	^^	^aufkleber, sticker, mix^	^^	^^	^1^	^0^	^^	^0^	^0^	^^	^4.99^	^0^	^^	^^	^^	^^	^^	^^	^Sticker set MIX^	^Various stickers, random assortment.^	^^	^label, sticker, mix^	^^	^^	^^	^^	^^	^^	^^	^^	^^	^^	^oxarticle^	^^	^^	^^	^^	^^	^^	^0^	^0^	^0^	^0^	^0^	^0^	^^	^^	^^	^^	^0^	^0^	^0^	^2^	^4^	^WEEK^	^0^	^0^	^0^	^0^	^0000-00-00 00:00:00^	^0^	^1^
^oiaa81b5e002fc2f73b9398c361c0b97^	^1^	^^	^1^	^0^	^0000-00-00 00:00:00^	^0000-00-00 00:00:00^	^10101^	^978386899153^	^^	^^	^Online-Shops mit OXID eShop^	^In diesem Buch erfahren die Benutzer des OXID eShop, wie sie ihren eigenen Online-Shop installieren, konfigurieren, mit Produkten bestücken und betreiben - inkl. verschiedener Zahlungs- und Versandarten sowie der Einbindung von Social Media-Funktionen.^	^0^	^0^	^0^	^0^	^0^	^0^	^0^	^^	^0^	^^	^^	^^	^7^	^^	^^	^oxid_book_cover_1.jpg^	^^	^^	^^	^^	^^	^^	^^	^^	^^	^^	^^	^0^	^600^	^1^	^^	^^	^0000-00-00^	^2012-04-25^	^2017-12-21 11:27:11^	^0^	^0^	^0^	^^	^OXID, Buch, download, O'Reilley^	^^	^^	^1^	^0^	^^	^0^	^0^	^^	^0^	^0^	^^	^^	^^	^^	^^	^^	^Online shops with OXID eShop^	^In this book, users of OXID eShop learn how to install, to configure and run their own online store incl. different payment and delivery methods and social media implementations.^	^^	^OXID, book, download, O'Reilley^	^^	^^	^^	^^	^^	^^	^^	^^	^^	^^	^^	^^	^^	^^	^^	^^	^^	^1^	^0^	^0^	^1^	^0^	^0^	^^	^0^	^^	^oiaf6ab7e12e86291e86dd3ff891fe40^	^0^	^0^	^0^	^1^	^2^	^WEEK^	^0^	^0^	^0^	^0^	^0000-00-00 00:00:00^	^1^	^1^
