^OXID^	^OXOBJECTID^	^OXATTRID^	^OXVALUE^	^OXPOS^	^OXVALUE_1^	^OXVALUE_2^	^OXVALUE_3^	^OXTIMESTAMP^
^6b6bc9f9ab8b153d9bebc2ad6ca2aa13^	^6b6b2e3c910874a5e3f06837bdb64547^	^6b6bc9f9ab8b153d9bebc2ad6ca2aa13^	^L^	^0^	^^	^^	^^	^2017-12-21 11:27:11^
^6b6bc9f9ab8b153d9bebc2ad6ca2aa13^	^6b66d734cba19d0ea465bd827bd99575^	^6b6bc9f9ab8b153d9bebc2ad6ca2aa13^	^S^	^0^	^^	^^	^^	^2017-12-21 11:27:11^
^6b6bc9f9ab8b153d9bebc2ad6ca2aa13^	^6b68f8516ba4d81bace5295830b7f5d6^	^6b6bc9f9ab8b153d9bebc2ad6ca2aa13^	^S^	^0^	^S^	^^	^^	^2017-12-21 11:27:11^
^6b6bc9f9ab8b153d9bebc2ad6ca2aa13^	^6b66de70718d91f0d36f3d79c4324aa5^	^6b6bc9f9ab8b153d9bebc2ad6ca2aa13^	^L^	^0^	^^	^^	^^	^2017-12-21 11:27:11^
^6b6bc9f9ab8b153d9bebc2ad6ca2aa13^	^6b66cce9804c0af6e9c83cc9520ae63d^	^6b6bc9f9ab8b153d9bebc2ad6ca2aa13^	^XL^	^0^	^^	^^	^^	^2017-12-21 11:27:11^
^6b6bc9f9ab8b153d9bebc2ad6ca2aa13^	^6b6b21f4969fef8851871195e6f35b0d^	^6b6bc9f9ab8b153d9bebc2ad6ca2aa13^	^M^	^0^	^^	^^	^^	^2017-12-21 11:27:11^
^6b6bc9f9ab8b153d9bebc2ad6ca2aa13^	^6b6f8c444a04027d61defaa33b50deb5^	^6b6bc9f9ab8b153d9bebc2ad6ca2aa13^	^L^	^0^	^^	^^	^^	^2017-12-21 11:27:11^
^6b6bc9f9ab8b153d9bebc2ad6ca2aa13^	^6b68f0a6606a6a558994346fe771fcff^	^6b6bc9f9ab8b153d9bebc2ad6ca2aa13^	^XL^	^0^	^^	^^	^^	^2017-12-21 11:27:11^
^6b6bc9f9ab8b153d9bebc2ad6ca2aa13^	^6b6033c7227d538401aa6e18d8dae2d0^	^6b6bc9f9ab8b153d9bebc2ad6ca2aa13^	^XS^	^0^	^^	^^	^^	^2017-12-21 11:27:11^
^6b6bc9f9ab8b153d9bebc2ad6ca2aa13^	^6b639ae07ba1176e1d275e4eb83433fc^	^6b6bc9f9ab8b153d9bebc2ad6ca2aa13^	^XS^	^0^	^XS^	^^	^^	^2017-12-21 11:27:11^
^6b6bc9f9ab8b153d9bebc2ad6ca2aa13^	^6b6b9f3031f3fed193f7d92ea140b1de^	^6b6bc9f9ab8b153d9bebc2ad6ca2aa13^	^L^	^0^	^^	^^	^^	^2017-12-21 11:27:11^
^6b6bc9f9ab8b153d9bebc2ad6ca2aa13^	^6b6d6e4554c2567ab4a2f31513e71998^	^6b6bc9f9ab8b153d9bebc2ad6ca2aa13^	^M^	^0^	^^	^^	^^	^2017-12-21 11:27:11^
^6b6bc9f9ab8b153d9bebc2ad6ca2aa13^	^6b6743da0d71eed3b5bad57d77efaf1d^	^6b6bc9f9ab8b153d9bebc2ad6ca2aa13^	^S^	^0^	^^	^^	^^	^2017-12-21 11:27:11^
^6b6bc9f9ab8b153d9bebc2ad6ca2aa13^	^6b6479b233f196eb29a07cbb60ed6b61^	^6b6bc9f9ab8b153d9bebc2ad6ca2aa13^	^L^	^0^	^^	^^	^^	^2017-12-21 11:27:11^
^6b6bc9f9ab8b153d9bebc2ad6ca2aa13^	^6b6f9f7dc5b17d9b555db96a92eeb7a7^	^6b6bc9f9ab8b153d9bebc2ad6ca2aa13^	^M^	^0^	^M^	^^	^^	^2017-12-21 11:27:11^
^6b6bc9f9ab8b153d9bebc2ad6ca2aa13^	^6b69da1825901ff44f078330635d4f51^	^6b6bc9f9ab8b153d9bebc2ad6ca2aa13^	^M^	^0^	^^	^^	^^	^2017-12-21 11:27:11^
^6b6bc9f9ab8b153d9bebc2ad6ca2aa13^	^6b682b13de2d0b868c0eb6979aca6831^	^6b6bc9f9ab8b153d9bebc2ad6ca2aa13^	^L^	^0^	^^	^^	^^	^2017-12-21 11:27:11^
^6b6bc9f9ab8b153d9bebc2ad6ca2aa13^	^6b677b3d8be778142ef0ce4a71aaf72d^	^6b6bc9f9ab8b153d9bebc2ad6ca2aa13^	^XS^	^0^	^^	^^	^^	^2017-12-21 11:27:11^
^6b6bc9f9ab8b153d9bebc2ad6ca2aa13^	^6b6cd2c22befa44da8b028c709eee944^	^6b6bc9f9ab8b153d9bebc2ad6ca2aa13^	^S^	^0^	^S^	^^	^^	^2017-12-21 11:27:11^
^6b6bc9f9ab8b153d9bebc2ad6ca2aa13^	^6b67f37a5645392a7dcae6ccd49ee81d^	^6b6bc9f9ab8b153d9bebc2ad6ca2aa13^	^S^	^0^	^^	^^	^^	^2017-12-21 11:27:11^
^6b6bc9f9ab8b153d9bebc2ad6ca2aa13^	^6b683e073cd52cfb1a902ede8346d4e0^	^6b6bc9f9ab8b153d9bebc2ad6ca2aa13^	^XL^	^0^	^^	^^	^^	^2017-12-21 11:27:11^
^6b6bc9f9ab8b153d9bebc2ad6ca2aa13^	^6b6273e2e8920ad75bac3036e2acaa6e^	^6b6bc9f9ab8b153d9bebc2ad6ca2aa13^	^L^	^0^	^^	^^	^^	^2017-12-21 11:27:11^
^6b6bc9f9ab8b153d9bebc2ad6ca2aa13^	^6b61326a5973c22a5b7bd0cabba3f6ca^	^6b6bc9f9ab8b153d9bebc2ad6ca2aa13^	^XL^	^0^	^^	^^	^^	^2017-12-21 11:27:11^
^6b6bc9f9ab8b153d9bebc2ad6ca2aa13^	^6b65c65f6dc3a692821776079686a9dd^	^6b6bc9f9ab8b153d9bebc2ad6ca2aa13^	^L^	^0^	^L^	^^	^^	^2017-12-21 11:27:11^
^6b6bc9f9ab8b153d9bebc2ad6ca2aa13^	^6b664aecb5dee2cec880b849be9f022c^	^6b6bc9f9ab8b153d9bebc2ad6ca2aa13^	^XL^	^0^	^^	^^	^^	^2017-12-21 11:27:11^
^6b6bc9f9ab8b153d9bebc2ad6ca2aa13^	^6b6490d9fb8699aefbdcc0ac71752358^	^6b6bc9f9ab8b153d9bebc2ad6ca2aa13^	^XS^	^0^	^^	^^	^^	^2017-12-21 11:27:11^
^6b6bc9f9ab8b153d9bebc2ad6ca2aa13^	^6b6921b87b0dddbeccc33f5cabae0c56^	^6b6bc9f9ab8b153d9bebc2ad6ca2aa13^	^L^	^0^	^^	^^	^^	^2017-12-21 11:27:11^
^6b6bc9f9ab8b153d9bebc2ad6ca2aa13^	^6b6676229f642918aea304b6e4881553^	^6b6bc9f9ab8b153d9bebc2ad6ca2aa13^	^S^	^0^	^S^	^^	^^	^2017-12-21 11:27:11^
^6b6bc9f9ab8b153d9bebc2ad6ca2aa13^	^6b69664875491fc8ab51d15f8e94b63f^	^6b6bc9f9ab8b153d9bebc2ad6ca2aa13^	^XS^	^0^	^XS^	^^	^^	^2017-12-21 11:27:11^
^6b6bc9f9ab8b153d9bebc2ad6ca2aa13^	^6b6e6fc5bda297fd1b9a04526ec4da60^	^6b6bc9f9ab8b153d9bebc2ad6ca2aa13^	^XS^	^0^	^^	^^	^^	^2017-12-21 11:27:11^
^6b6bc9f9ab8b153d9bebc2ad6ca2aa13^	^6b638d6f1f0e86a0d5ecfc8c7d952711^	^6b6bc9f9ab8b153d9bebc2ad6ca2aa13^	^XS^	^0^	^XS^	^^	^^	^2017-12-21 11:27:11^
^6b6bc9f9ab8b153d9bebc2ad6ca2aa13^	^6b6af988f0ccbc0874bd8ffef8aa78ff^	^6b6bc9f9ab8b153d9bebc2ad6ca2aa13^	^M^	^0^	^^	^^	^^	^2017-12-21 11:27:11^
^6b6bc9f9ab8b153d9bebc2ad6ca2aa13^	^6b6a775be741f93d1cec412ed1384a05^	^6b6bc9f9ab8b153d9bebc2ad6ca2aa13^	^XS^	^0^	^^	^^	^^	^2017-12-21 11:27:11^
^6b6bc9f9ab8b153d9bebc2ad6ca2aa13^	^6b6a3ad59f9274e6f20033b356ce046a^	^6b6bc9f9ab8b153d9bebc2ad6ca2aa13^	^XS^	^0^	^^	^^	^^	^2017-12-21 11:27:11^
^6b6bc9f9ab8b153d9bebc2ad6ca2aa13^	^6b6bd811f3fe881bf890084de1a40c02^	^6b6bc9f9ab8b153d9bebc2ad6ca2aa13^	^XL^	^0^	^^	^^	^^	^2017-12-21 11:27:11^
^6b6bc9f9ab8b153d9bebc2ad6ca2aa13^	^6b68b33f88ff45e349bd12338d691f19^	^6b6bc9f9ab8b153d9bebc2ad6ca2aa13^	^XS^	^0^	^^	^^	^^	^2017-12-21 11:27:11^
^6b6bc9f9ab8b153d9bebc2ad6ca2aa13^	^6b6db12d057b468c28eb5523dd1dfb12^	^6b6bc9f9ab8b153d9bebc2ad6ca2aa13^	^S^	^0^	^^	^^	^^	^2017-12-21 11:27:11^
^6b6bc9f9ab8b153d9bebc2ad6ca2aa13^	^6b67a34bc8c9e578cfb50b2f1d84e225^	^6b6bc9f9ab8b153d9bebc2ad6ca2aa13^	^M^	^0^	^^	^^	^^	^2017-12-21 11:27:11^
^6b6bc9f9ab8b153d9bebc2ad6ca2aa13^	^6b6a0708eeb1225b877f3385b68b0dae^	^6b6bc9f9ab8b153d9bebc2ad6ca2aa13^	^S^	^0^	^^	^^	^^	^2017-12-21 11:27:11^
^6b6bc9f9ab8b153d9bebc2ad6ca2aa13^	^6b6f246c164b8b891a1726b4be76df56^	^6b6bc9f9ab8b153d9bebc2ad6ca2aa13^	^XL^	^0^	^^	^^	^^	^2017-12-21 11:27:11^
^6b6bc9f9ab8b153d9bebc2ad6ca2aa13^	^6b65f493a43c97508fc8e39bf9b92fcd^	^6b6bc9f9ab8b153d9bebc2ad6ca2aa13^	^XL^	^0^	^^	^^	^^	^2017-12-21 11:27:11^
^6b6bc9f9ab8b153d9bebc2ad6ca2aa13^	^6b65397ef48805a1146c55e628b0b550^	^6b6bc9f9ab8b153d9bebc2ad6ca2aa13^	^S^	^0^	^^	^^	^^	^2017-12-21 11:27:11^
^6b6bc9f9ab8b153d9bebc2ad6ca2aa13^	^6b618b5db1c9c3751aa033b7cabd315b^	^6b6bc9f9ab8b153d9bebc2ad6ca2aa13^	^S^	^0^	^^	^^	^^	^2017-12-21 11:27:11^
^6b6bc9f9ab8b153d9bebc2ad6ca2aa13^	^6b67d1f48b0e4c12a8ca25a291d1eae4^	^6b6bc9f9ab8b153d9bebc2ad6ca2aa13^	^M^	^0^	^^	^^	^^	^2017-12-21 11:27:11^
^6b6bc9f9ab8b153d9bebc2ad6ca2aa13^	^6b6b956abb754ffbe382723639578ddc^	^6b6bc9f9ab8b153d9bebc2ad6ca2aa13^	^S^	^0^	^^	^^	^^	^2017-12-21 11:27:11^
^6b6bc9f9ab8b153d9bebc2ad6ca2aa13^	^6b69bf58761930f7ac42f175ff1ff579^	^6b6bc9f9ab8b153d9bebc2ad6ca2aa13^	^S^	^0^	^^	^^	^^	^2017-12-21 11:27:11^
^6b6bc9f9ab8b153d9bebc2ad6ca2aa13^	^6b60d24d712ec71db336e7eaf1c4f55b^	^6b6bc9f9ab8b153d9bebc2ad6ca2aa13^	^XS^	^0^	^^	^^	^^	^2017-12-21 11:27:11^
^6b6bc9f9ab8b153d9bebc2ad6ca2aa13^	^6b62af397792b3f921d6f490a31a9b57^	^6b6bc9f9ab8b153d9bebc2ad6ca2aa13^	^XL^	^0^	^^	^^	^^	^2017-12-21 11:27:11^
^6b6bc9f9ab8b153d9bebc2ad6ca2aa13^	^6b64cdb4e14f292d21d2003489ba4b02^	^6b6bc9f9ab8b153d9bebc2ad6ca2aa13^	^L^	^0^	^^	^^	^^	^2017-12-21 11:27:11^
^6b6bc9f9ab8b153d9bebc2ad6ca2aa13^	^6b6149f81c65605fbddfeed9d19f58a9^	^6b6bc9f9ab8b153d9bebc2ad6ca2aa13^	^XS^	^0^	^^	^^	^^	^2017-12-21 11:27:11^
^6b6bc9f9ab8b153d9bebc2ad6ca2aa13^	^6b6a86a83637c8043a579bf7f460b560^	^6b6bc9f9ab8b153d9bebc2ad6ca2aa13^	^M^	^0^	^^	^^	^^	^2017-12-21 11:27:11^
^6b6bc9f9ab8b153d9bebc2ad6ca2aa13^	^6b66c197de076a3961dccdc79b65cbee^	^6b6bc9f9ab8b153d9bebc2ad6ca2aa13^	^M^	^0^	^^	^^	^^	^2017-12-21 11:27:11^
^6b6bc9f9ab8b153d9bebc2ad6ca2aa13^	^6b677c56a3cd2e4725d491e54b835482^	^6b6bc9f9ab8b153d9bebc2ad6ca2aa13^	^M^	^0^	^^	^^	^^	^2017-12-21 11:27:11^
^6b6bc9f9ab8b153d9bebc2ad6ca2aa13^	^6b6d15dd1052795281d4263a6b088203^	^6b6bc9f9ab8b153d9bebc2ad6ca2aa13^	^S^	^0^	^^	^^	^^	^2017-12-21 11:27:11^
^6b6bc9f9ab8b153d9bebc2ad6ca2aa13^	^6b6d012710a8b34774ea283a9a83e17a^	^6b6bc9f9ab8b153d9bebc2ad6ca2aa13^	^L^	^0^	^^	^^	^^	^2017-12-21 11:27:11^
^6b6bc9f9ab8b153d9bebc2ad6ca2aa13^	^6b679ba1f246d4de2e569ce37a2cd666^	^6b6bc9f9ab8b153d9bebc2ad6ca2aa13^	^XL^	^0^	^XL^	^^	^^	^2017-12-21 11:27:11^
^6b6bc9f9ab8b153d9bebc2ad6ca2aa13^	^6b6f2f6b7cc23c379de747fa38e95ed4^	^6b6bc9f9ab8b153d9bebc2ad6ca2aa13^	^M^	^0^	^^	^^	^^	^2017-12-21 11:27:11^
^6b6bc9f9ab8b153d9bebc2ad6ca2aa13^	^6b6a41f579e4036f65ba475cb74fa2a1^	^6b6bc9f9ab8b153d9bebc2ad6ca2aa13^	^L^	^0^	^^	^^	^^	^2017-12-21 11:27:11^
^6b6bc9f9ab8b153d9bebc2ad6ca2aa13^	^6b6957fa4a52fde76dc8184a1400f0d3^	^6b6bc9f9ab8b153d9bebc2ad6ca2aa13^	^L^	^0^	^^	^^	^^	^2017-12-21 11:27:11^
^6b6bc9f9ab8b153d9bebc2ad6ca2aa13^	^6b643aad27c4ecd79eeefb2f0e1ab3ae^	^6b6bc9f9ab8b153d9bebc2ad6ca2aa13^	^XS^	^0^	^^	^^	^^	^2017-12-21 11:27:11^
^6b6bc9f9ab8b153d9bebc2ad6ca2aa13^	^6b6d966c899dd9977e88f842f67eb751^	^6b6bc9f9ab8b153d9bebc2ad6ca2aa13^	^L^	^0^	^L^	^^	^^	^2017-12-21 11:27:11^
^6b6bc9f9ab8b153d9bebc2ad6ca2aa13^	^6b6d076f8d36332c83d654585fb21fb4^	^6b6bc9f9ab8b153d9bebc2ad6ca2aa13^	^S^	^0^	^^	^^	^^	^2017-12-21 11:27:11^
^6b6bc9f9ab8b153d9bebc2ad6ca2aa13^	^6b65c1610b292f076116595670b98fef^	^6b6bc9f9ab8b153d9bebc2ad6ca2aa13^	^XS^	^0^	^^	^^	^^	^2017-12-21 11:27:11^
^6b6bc9f9ab8b153d9bebc2ad6ca2aa13^	^6b6379a9e39321be9bec6b120ca2ae6a^	^6b6bc9f9ab8b153d9bebc2ad6ca2aa13^	^S^	^0^	^S^	^^	^^	^2017-12-21 11:27:11^
^6b6bc9f9ab8b153d9bebc2ad6ca2aa13^	^6b64a34c48f00564e527d24f47bf869e^	^6b6bc9f9ab8b153d9bebc2ad6ca2aa13^	^XL^	^0^	^^	^^	^^	^2017-12-21 11:27:11^
^6b6bc9f9ab8b153d9bebc2ad6ca2aa13^	^6b63b2b30559c282cd2c26b0b21a273c^	^6b6bc9f9ab8b153d9bebc2ad6ca2aa13^	^XS^	^0^	^^	^^	^^	^2017-12-21 11:27:11^
^6b6bc9f9ab8b153d9bebc2ad6ca2aa13^	^6b62ff11912008a5a0278826c830385a^	^6b6bc9f9ab8b153d9bebc2ad6ca2aa13^	^M^	^0^	^^	^^	^^	^2017-12-21 11:27:11^
^6b6bc9f9ab8b153d9bebc2ad6ca2aa13^	^6b696bf59d0586888a2a8766512c803b^	^6b6bc9f9ab8b153d9bebc2ad6ca2aa13^	^M^	^0^	^^	^^	^^	^2017-12-21 11:27:11^
^6b6bc9f9ab8b153d9bebc2ad6ca2aa13^	^6b6886684335eb4282f84232ef8f52ce^	^6b6bc9f9ab8b153d9bebc2ad6ca2aa13^	^XL^	^0^	^^	^^	^^	^2017-12-21 11:27:11^
^6b6bc9f9ab8b153d9bebc2ad6ca2aa13^	^6b61e49f00340bf48033a02b69445002^	^6b6bc9f9ab8b153d9bebc2ad6ca2aa13^	^M^	^0^	^^	^^	^^	^2017-12-21 11:27:11^
^6b6bc9f9ab8b153d9bebc2ad6ca2aa13^	^6b6f5a8994d45ed0aa9c567e7f2b5747^	^6b6bc9f9ab8b153d9bebc2ad6ca2aa13^	^XL^	^0^	^^	^^	^^	^2017-12-21 11:27:11^
^6b6bc9f9ab8b153d9bebc2ad6ca2aa13^	^6b6ca8c9552e55b25353b597033e63d2^	^6b6bc9f9ab8b153d9bebc2ad6ca2aa13^	^L^	^0^	^^	^^	^^	^2017-12-21 11:27:11^
^6b6bc9f9ab8b153d9bebc2ad6ca2aa13^	^6b6a53accc477cf235ecffbf85d2efb1^	^6b6bc9f9ab8b153d9bebc2ad6ca2aa13^	^L^	^0^	^^	^^	^^	^2017-12-21 11:27:11^
^6b6bc9f9ab8b153d9bebc2ad6ca2aa13^	^6b6cf8ff342660741913d3eec697a8d8^	^6b6bc9f9ab8b153d9bebc2ad6ca2aa13^	^M^	^0^	^^	^^	^^	^2017-12-21 11:27:11^
^6b6bc9f9ab8b153d9bebc2ad6ca2aa13^	^6b611132606188efe2d894b2f291a264^	^6b6bc9f9ab8b153d9bebc2ad6ca2aa13^	^XS^	^0^	^^	^^	^^	^2017-12-21 11:27:11^
^6b6bc9f9ab8b153d9bebc2ad6ca2aa13^	^6b6e6cd3967aae63cb0bcdbf3556f4d2^	^6b6bc9f9ab8b153d9bebc2ad6ca2aa13^	^S^	^0^	^^	^^	^^	^2017-12-21 11:27:11^
^6b6bc9f9ab8b153d9bebc2ad6ca2aa13^	^6b67b85d94628e541ba70451a81d95c2^	^6b6bc9f9ab8b153d9bebc2ad6ca2aa13^	^XL^	^0^	^^	^^	^^	^2017-12-21 11:27:11^
^6b6bc9f9ab8b153d9bebc2ad6ca2aa13^	^6b6e33037c6a6e4eb13cf936a6b63dee^	^6b6bc9f9ab8b153d9bebc2ad6ca2aa13^	^L^	^0^	^^	^^	^^	^2017-12-21 11:27:11^
^6b6bc9f9ab8b153d9bebc2ad6ca2aa13^	^6b6cd3d962680e690b12f78d3f49a621^	^6b6bc9f9ab8b153d9bebc2ad6ca2aa13^	^S^	^0^	^^	^^	^^	^2017-12-21 11:27:11^
^6b6bc9f9ab8b153d9bebc2ad6ca2aa13^	^6b698669c25a543e9ac49c459295195c^	^6b6bc9f9ab8b153d9bebc2ad6ca2aa13^	^S^	^0^	^^	^^	^^	^2017-12-21 11:27:11^
^6b6bc9f9ab8b153d9bebc2ad6ca2aa13^	^6b6e10a81a44f6042d0f5ecab5ccf740^	^6b6bc9f9ab8b153d9bebc2ad6ca2aa13^	^L^	^0^	^^	^^	^^	^2017-12-21 11:27:11^
^6b6bc9f9ab8b153d9bebc2ad6ca2aa13^	^6b65fc4a422bcaa76197c80db4cfd51d^	^6b6bc9f9ab8b153d9bebc2ad6ca2aa13^	^S^	^0^	^^	^^	^^	^2017-12-21 11:27:11^
^6b6bc9f9ab8b153d9bebc2ad6ca2aa13^	^6b6acb6eddc0b301c0d8e2963a5d4504^	^6b6bc9f9ab8b153d9bebc2ad6ca2aa13^	^S^	^0^	^^	^^	^^	^2017-12-21 11:27:11^
^6b6bc9f9ab8b153d9bebc2ad6ca2aa13^	^6b60d3cf6bcd898b1b66174b1cf66fd9^	^6b6bc9f9ab8b153d9bebc2ad6ca2aa13^	^XL^	^0^	^XL^	^^	^^	^2017-12-21 11:27:11^
^6b6bc9f9ab8b153d9bebc2ad6ca2aa13^	^6b6d5d8844bd820449b2fa3bc5b99e8b^	^6b6bc9f9ab8b153d9bebc2ad6ca2aa13^	^L^	^0^	^^	^^	^^	^2017-12-21 11:27:11^
^6b6bc9f9ab8b153d9bebc2ad6ca2aa13^	^6b6a3f44ae167462eee78de3d41ed238^	^6b6bc9f9ab8b153d9bebc2ad6ca2aa13^	^XS^	^0^	^^	^^	^^	^2017-12-21 11:27:11^
^6b6bc9f9ab8b153d9bebc2ad6ca2aa13^	^6b6d9271089e858450b97edc2c4a18f9^	^6b6bc9f9ab8b153d9bebc2ad6ca2aa13^	^M^	^0^	^^	^^	^^	^2017-12-21 11:27:11^
^6b6bc9f9ab8b153d9bebc2ad6ca2aa13^	^6b63ab0bcc02d41f8cf4d5ea0810c5ac^	^6b6bc9f9ab8b153d9bebc2ad6ca2aa13^	^XL^	^0^	^^	^^	^^	^2017-12-21 11:27:11^
^6b6bc9f9ab8b153d9bebc2ad6ca2aa13^	^6b6c98a1716ee0bb8bf0c0df9ebde2a3^	^6b6bc9f9ab8b153d9bebc2ad6ca2aa13^	^XS^	^0^	^^	^^	^^	^2017-12-21 11:27:11^
^6b6bc9f9ab8b153d9bebc2ad6ca2aa13^	^6b684fe2682e9abe26626c877121ee97^	^6b6bc9f9ab8b153d9bebc2ad6ca2aa13^	^L^	^0^	^^	^^	^^	^2017-12-21 11:27:11^
^6b6bc9f9ab8b153d9bebc2ad6ca2aa13^	^6b63a5be3963237cf6883a4d98db2270^	^6b6bc9f9ab8b153d9bebc2ad6ca2aa13^	^XL^	^0^	^^	^^	^^	^2017-12-21 11:27:11^
^6b6bc9f9ab8b153d9bebc2ad6ca2aa13^	^6b6315c2e1fb2f3976f398f61c224e04^	^6b6bc9f9ab8b153d9bebc2ad6ca2aa13^	^XL^	^0^	^^	^^	^^	^2017-12-21 11:27:11^
^6b6bc9f9ab8b153d9bebc2ad6ca2aa13^	^6b656e13b102aa6c58288a704f53b16c^	^6b6bc9f9ab8b153d9bebc2ad6ca2aa13^	^M^	^0^	^M^	^^	^^	^2017-12-21 11:27:11^
^6b6bc9f9ab8b153d9bebc2ad6ca2aa13^	^6b62dc6bf5b7723743d514eb1b7a7f87^	^6b6bc9f9ab8b153d9bebc2ad6ca2aa13^	^XL^	^0^	^XL^	^^	^^	^2017-12-21 11:27:11^
^6b6bc9f9ab8b153d9bebc2ad6ca2aa13^	^6b6984d0fad3b93ea82d54682d59131b^	^6b6bc9f9ab8b153d9bebc2ad6ca2aa13^	^L^	^0^	^^	^^	^^	^2017-12-21 11:27:11^
^6b6bc9f9ab8b153d9bebc2ad6ca2aa13^	^6b6348e90971808d6f30a9ee65917a14^	^6b6bc9f9ab8b153d9bebc2ad6ca2aa13^	^M^	^0^	^^	^^	^^	^2017-12-21 11:27:11^
^6b6bc9f9ab8b153d9bebc2ad6ca2aa13^	^6b62efe48162b9f62352a4573f0aca6d^	^6b6bc9f9ab8b153d9bebc2ad6ca2aa13^	^S^	^0^	^^	^^	^^	^2017-12-21 11:27:11^
^6b6bc9f9ab8b153d9bebc2ad6ca2aa13^	^6b611ebb645f2baaeab8cad5bfbf8a09^	^6b6bc9f9ab8b153d9bebc2ad6ca2aa13^	^XL^	^0^	^^	^^	^^	^2017-12-21 11:27:11^
^6b6bc9f9ab8b153d9bebc2ad6ca2aa13^	^6b66b8ae770f35abb390973d31a98228^	^6b6bc9f9ab8b153d9bebc2ad6ca2aa13^	^XS^	^0^	^^	^^	^^	^2017-12-21 11:27:11^
^6b6bc9f9ab8b153d9bebc2ad6ca2aa13^	^6b6a6a5203b22d53eb56213804fe592f^	^6b6bc9f9ab8b153d9bebc2ad6ca2aa13^	^S^	^0^	^^	^^	^^	^2017-12-21 11:27:11^
^6b6bc9f9ab8b153d9bebc2ad6ca2aa13^	^6b6c0511d878f3da6a72f3514cb86718^	^6b6bc9f9ab8b153d9bebc2ad6ca2aa13^	^S^	^0^	^^	^^	^^	^2017-12-21 11:27:11^
^6b6bc9f9ab8b153d9bebc2ad6ca2aa13^	^6b68bfa38487e8104c8adfba285f3e78^	^6b6bc9f9ab8b153d9bebc2ad6ca2aa13^	^L^	^0^	^^	^^	^^	^2017-12-21 11:27:11^
^6b6bc9f9ab8b153d9bebc2ad6ca2aa13^	^6b664d4295b7b8d141e03132ec72062c^	^6b6bc9f9ab8b153d9bebc2ad6ca2aa13^	^XS^	^0^	^^	^^	^^	^2017-12-21 11:27:11^
^6b6bc9f9ab8b153d9bebc2ad6ca2aa13^	^6b63406939572fac9673f31807098b52^	^6b6bc9f9ab8b153d9bebc2ad6ca2aa13^	^M^	^0^	^^	^^	^^	^2017-12-21 11:27:11^
^6b6bc9f9ab8b153d9bebc2ad6ca2aa13^	^6b6b252c71c8b876243117780c5ef110^	^6b6bc9f9ab8b153d9bebc2ad6ca2aa13^	^L^	^0^	^^	^^	^^	^2017-12-21 11:27:11^
^6b6bc9f9ab8b153d9bebc2ad6ca2aa13^	^6b61c8d544b8fa43b40db907e8520575^	^6b6bc9f9ab8b153d9bebc2ad6ca2aa13^	^M^	^0^	^M^	^^	^^	^2017-12-21 11:27:11^
^6b6bc9f9ab8b153d9bebc2ad6ca2aa13^	^6b658df8dddb9f924f2c0cf52c716d0a^	^6b6bc9f9ab8b153d9bebc2ad6ca2aa13^	^L^	^0^	^L^	^^	^^	^2017-12-21 11:27:11^
^6b6bc9f9ab8b153d9bebc2ad6ca2aa13^	^6b667c30791dc05dfc0223038beeff74^	^6b6bc9f9ab8b153d9bebc2ad6ca2aa13^	^XS^	^0^	^XS^	^^	^^	^2017-12-21 11:27:11^
^6b6bc9f9ab8b153d9bebc2ad6ca2aa13^	^6b69a848948fefee99d13bb466cbff7b^	^6b6bc9f9ab8b153d9bebc2ad6ca2aa13^	^XS^	^0^	^^	^^	^^	^2017-12-21 11:27:11^
^6b6bc9f9ab8b153d9bebc2ad6ca2aa13^	^6b6a4baf9de2315243c3cf341d4458e9^	^6b6bc9f9ab8b153d9bebc2ad6ca2aa13^	^M^	^0^	^^	^^	^^	^2017-12-21 11:27:11^
^6b6bc9f9ab8b153d9bebc2ad6ca2aa13^	^6b644c0768bf564fc58093aa4ef61a3b^	^6b6bc9f9ab8b153d9bebc2ad6ca2aa13^	^L^	^0^	^^	^^	^^	^2017-12-21 11:27:11^
^6b6bc9f9ab8b153d9bebc2ad6ca2aa13^	^6b6001d8e0693354d335715c6f1a9acd^	^6b6bc9f9ab8b153d9bebc2ad6ca2aa13^	^XL^	^0^	^^	^^	^^	^2017-12-21 11:27:11^
^6b6bc9f9ab8b153d9bebc2ad6ca2aa13^	^6b60fe203a480f5471d62859786635df^	^6b6bc9f9ab8b153d9bebc2ad6ca2aa13^	^S^	^0^	^^	^^	^^	^2017-12-21 11:27:11^
^6b6bc9f9ab8b153d9bebc2ad6ca2aa13^	^6b6f97bfde19af19392e1febebe0fc58^	^6b6bc9f9ab8b153d9bebc2ad6ca2aa13^	^XS^	^0^	^^	^^	^^	^2017-12-21 11:27:11^
^6b6bc9f9ab8b153d9bebc2ad6ca2aa13^	^6b6845d4bc4d899ebb9310d12210ad30^	^6b6bc9f9ab8b153d9bebc2ad6ca2aa13^	^S^	^0^	^S^	^^	^^	^2017-12-21 11:27:11^
^6b6bc9f9ab8b153d9bebc2ad6ca2aa13^	^6b661dda79318ca64ca06e97e4fbcb0a^	^6b6bc9f9ab8b153d9bebc2ad6ca2aa13^	^M^	^0^	^M^	^^	^^	^2017-12-21 11:27:11^
^6b6bc9f9ab8b153d9bebc2ad6ca2aa13^	^6b61fe1e5e33d42a1a7778ebc75e28f9^	^6b6bc9f9ab8b153d9bebc2ad6ca2aa13^	^M^	^0^	^^	^^	^^	^2017-12-21 11:27:11^
^6b6bc9f9ab8b153d9bebc2ad6ca2aa13^	^6b63c411baf377e8dc2b12d0f10730d4^	^6b6bc9f9ab8b153d9bebc2ad6ca2aa13^	^XS^	^0^	^^	^^	^^	^2017-12-21 11:27:11^
^6b6bc9f9ab8b153d9bebc2ad6ca2aa13^	^6b69110187b5a20de755322868f5d685^	^6b6bc9f9ab8b153d9bebc2ad6ca2aa13^	^L^	^0^	^^	^^	^^	^2017-12-21 11:27:11^
^6b6bc9f9ab8b153d9bebc2ad6ca2aa13^	^6b6b3965fd7f6dd301afc0c9a1601ec7^	^6b6bc9f9ab8b153d9bebc2ad6ca2aa13^	^XL^	^0^	^^	^^	^^	^2017-12-21 11:27:11^
^6b6bc9f9ab8b153d9bebc2ad6ca2aa13^	^6b6b81bb5e5b927b4d0f5898d56c7334^	^6b6bc9f9ab8b153d9bebc2ad6ca2aa13^	^S^	^0^	^^	^^	^^	^2017-12-21 11:27:11^
^6b6bc9f9ab8b153d9bebc2ad6ca2aa13^	^6b61fbfc2bbb35ff4987144372e3ef33^	^6b6bc9f9ab8b153d9bebc2ad6ca2aa13^	^M^	^0^	^^	^^	^^	^2017-12-21 11:27:11^
^6b6bc9f9ab8b153d9bebc2ad6ca2aa13^	^6b693af59c6240a2ab55a10eed3fc2de^	^6b6bc9f9ab8b153d9bebc2ad6ca2aa13^	^M^	^0^	^^	^^	^^	^2017-12-21 11:27:11^
^6b6bc9f9ab8b153d9bebc2ad6ca2aa13^	^6b6d4c5c13e8fabdbe9bf47974a6ee2c^	^6b6bc9f9ab8b153d9bebc2ad6ca2aa13^	^L^	^0^	^^	^^	^^	^2017-12-21 11:27:11^
^6b6bc9f9ab8b153d9bebc2ad6ca2aa13^	^6b6000825cc3f0771e3fc8db9a52f3e3^	^6b6bc9f9ab8b153d9bebc2ad6ca2aa13^	^XL^	^0^	^^	^^	^^	^2017-12-21 11:27:11^
^6b6bc9f9ab8b153d9bebc2ad6ca2aa13^	^6b65e0ba72771b84ba4ee94022169b43^	^6b6bc9f9ab8b153d9bebc2ad6ca2aa13^	^M^	^0^	^^	^^	^^	^2017-12-21 11:27:11^
^6b6bc9f9ab8b153d9bebc2ad6ca2aa13^	^6b6802dd009668bd613d1798e93aec6b^	^6b6bc9f9ab8b153d9bebc2ad6ca2aa13^	^L^	^0^	^^	^^	^^	^2017-12-21 11:27:11^
^6b6bc9f9ab8b153d9bebc2ad6ca2aa13^	^6b65d11aa5f91e5a1974363160e3809e^	^6b6bc9f9ab8b153d9bebc2ad6ca2aa13^	^XS^	^0^	^^	^^	^^	^2017-12-21 11:27:11^
^6b6bc9f9ab8b153d9bebc2ad6ca2aa13^	^6b6dbf57f6c87d87822df759f146f6ef^	^6b6bc9f9ab8b153d9bebc2ad6ca2aa13^	^L^	^0^	^^	^^	^^	^2017-12-21 11:27:11^
^6b6bc9f9ab8b153d9bebc2ad6ca2aa13^	^6b6f0933802db44727dcefd88983afc5^	^6b6bc9f9ab8b153d9bebc2ad6ca2aa13^	^L^	^0^	^L^	^^	^^	^2017-12-21 11:27:11^
^6b6bc9f9ab8b153d9bebc2ad6ca2aa13^	^6b60d3cc622fc3617d72b7c2c5c926c6^	^6b6bc9f9ab8b153d9bebc2ad6ca2aa13^	^XL^	^0^	^^	^^	^^	^2017-12-21 11:27:11^
^6b6bc9f9ab8b153d9bebc2ad6ca2aa13^	^6b6d82213a358c396beb46db58d75272^	^6b6bc9f9ab8b153d9bebc2ad6ca2aa13^	^S^	^0^	^^	^^	^^	^2017-12-21 11:27:11^
^6b6bc9f9ab8b153d9bebc2ad6ca2aa13^	^6b69cad3472fb2b07f89291f8e416e4d^	^6b6bc9f9ab8b153d9bebc2ad6ca2aa13^	^M^	^0^	^M^	^^	^^	^2017-12-21 11:27:11^
^6b6bc9f9ab8b153d9bebc2ad6ca2aa13^	^6b6ab9a0948f5587513a6f7e56ab22b2^	^6b6bc9f9ab8b153d9bebc2ad6ca2aa13^	^XL^	^0^	^^	^^	^^	^2017-12-21 11:27:11^
^6b6bc9f9ab8b153d9bebc2ad6ca2aa13^	^6b64f4eca6aae00862d4f8e7cbc39a28^	^6b6bc9f9ab8b153d9bebc2ad6ca2aa13^	^M^	^0^	^^	^^	^^	^2017-12-21 11:27:11^
^6b6bc9f9ab8b153d9bebc2ad6ca2aa13^	^6b646dc25b3e05b36dea95bf1fdcd8c4^	^6b6bc9f9ab8b153d9bebc2ad6ca2aa13^	^XL^	^0^	^^	^^	^^	^2017-12-21 11:27:11^
^6b6bc9f9ab8b153d9bebc2ad6ca2aa13^	^6b647c7bffdd66c9ecc55d276766292b^	^6b6bc9f9ab8b153d9bebc2ad6ca2aa13^	^S^	^0^	^^	^^	^^	^2017-12-21 11:27:11^
^6b6bc9f9ab8b153d9bebc2ad6ca2aa13^	^6b61887f5bc753058629cc217a8ce7ef^	^6b6bc9f9ab8b153d9bebc2ad6ca2aa13^	^S^	^0^	^^	^^	^^	^2017-12-21 11:27:11^
^6b6bc9f9ab8b153d9bebc2ad6ca2aa13^	^6b62c37751fb0f02e118020e8a6b9cce^	^6b6bc9f9ab8b153d9bebc2ad6ca2aa13^	^S^	^0^	^^	^^	^^	^2017-12-21 11:27:11^
^6b6bc9f9ab8b153d9bebc2ad6ca2aa13^	^6b6a37c431cd6379b8eefe46f0cf11e9^	^6b6bc9f9ab8b153d9bebc2ad6ca2aa13^	^XS^	^0^	^^	^^	^^	^2017-12-21 11:27:11^
^6b6bc9f9ab8b153d9bebc2ad6ca2aa13^	^6b61568ce191cccfbb8cde174d66ed20^	^6b6bc9f9ab8b153d9bebc2ad6ca2aa13^	^S^	^0^	^^	^^	^^	^2017-12-21 11:27:11^
^6b6bc9f9ab8b153d9bebc2ad6ca2aa13^	^6b63d11a538ddb354e2977586acce54d^	^6b6bc9f9ab8b153d9bebc2ad6ca2aa13^	^M^	^0^	^^	^^	^^	^2017-12-21 11:27:11^
^6b6bc9f9ab8b153d9bebc2ad6ca2aa13^	^6b69fa1780dd7711f93fae34ad0edfc8^	^6b6bc9f9ab8b153d9bebc2ad6ca2aa13^	^XS^	^0^	^^	^^	^^	^2017-12-21 11:27:11^
^6b6bc9f9ab8b153d9bebc2ad6ca2aa13^	^6b683d3019dab7cf9853c1db5c9faf57^	^6b6bc9f9ab8b153d9bebc2ad6ca2aa13^	^L^	^0^	^^	^^	^^	^2017-12-21 11:27:11^
^6b6bc9f9ab8b153d9bebc2ad6ca2aa13^	^6b688bb3a3f88a944b6b9ed510cbf80f^	^6b6bc9f9ab8b153d9bebc2ad6ca2aa13^	^XL^	^0^	^^	^^	^^	^2017-12-21 11:27:11^
^6b6bc9f9ab8b153d9bebc2ad6ca2aa13^	^6b660e2ac4d79901d9367c490f4f7cf4^	^6b6bc9f9ab8b153d9bebc2ad6ca2aa13^	^XS^	^0^	^XS^	^^	^^	^2017-12-21 11:27:11^
^6b6bc9f9ab8b153d9bebc2ad6ca2aa13^	^6b64ce6714fb600340abe99aa6c21d16^	^6b6bc9f9ab8b153d9bebc2ad6ca2aa13^	^XS^	^0^	^^	^^	^^	^2017-12-21 11:27:11^
^6b6bc9f9ab8b153d9bebc2ad6ca2aa13^	^6b6da1c656d89b5eeed486e355460d16^	^6b6bc9f9ab8b153d9bebc2ad6ca2aa13^	^XL^	^0^	^XL^	^^	^^	^2017-12-21 11:27:11^
^6b6bc9f9ab8b153d9bebc2ad6ca2aa13^	^6b65a9d185ac19df0ed8bac7e8ea7402^	^6b6bc9f9ab8b153d9bebc2ad6ca2aa13^	^L^	^0^	^^	^^	^^	^2017-12-21 11:27:11^
^6b6bc9f9ab8b153d9bebc2ad6ca2aa13^	^6b6ced6d81841cc17291b9e919666e67^	^6b6bc9f9ab8b153d9bebc2ad6ca2aa13^	^XL^	^0^	^XL^	^^	^^	^2017-12-21 11:27:11^
^6b6bc9f9ab8b153d9bebc2ad6ca2aa13^	^6b66d215831352fa15491a213ca60820^	^6b6bc9f9ab8b153d9bebc2ad6ca2aa13^	^M^	^0^	^^	^^	^^	^2017-12-21 11:27:11^
^6b6bc9f9ab8b153d9bebc2ad6ca2aa13^	^6b6c129c62119185c7779987e7d8cd5c^	^6b6bc9f9ab8b153d9bebc2ad6ca2aa13^	^L^	^0^	^L^	^^	^^	^2017-12-21 11:27:11^
^6b6bc9f9ab8b153d9bebc2ad6ca2aa13^	^6b6e2ae189b6abc84718883ccaeb7a9f^	^6b6bc9f9ab8b153d9bebc2ad6ca2aa13^	^XS^	^0^	^^	^^	^^	^2017-12-21 11:27:11^
^6b6bc9f9ab8b153d9bebc2ad6ca2aa13^	^6b60bcd3ecb05314aa0f60a2fd0b9438^	^6b6bc9f9ab8b153d9bebc2ad6ca2aa13^	^S^	^0^	^^	^^	^^	^2017-12-21 11:27:11^
^6b6bc9f9ab8b153d9bebc2ad6ca2aa13^	^6b6b5400783632216bb35fbb172fef70^	^6b6bc9f9ab8b153d9bebc2ad6ca2aa13^	^XL^	^0^	^^	^^	^^	^2017-12-21 11:27:11^
^6b6bc9f9ab8b153d9bebc2ad6ca2aa13^	^6b6b991d1d1252ccaaf3f49a787fdbac^	^6b6bc9f9ab8b153d9bebc2ad6ca2aa13^	^M^	^0^	^^	^^	^^	^2017-12-21 11:27:11^
^6b6bc9f9ab8b153d9bebc2ad6ca2aa13^	^6b6fef5b5f94046ce19f5aaa9066383f^	^6b6bc9f9ab8b153d9bebc2ad6ca2aa13^	^M^	^0^	^^	^^	^^	^2017-12-21 11:27:11^
^6b6bc9f9ab8b153d9bebc2ad6ca2aa13^	^6b6ca3b551acbf5b2b0e6e44bfd4e2b1^	^6b6bc9f9ab8b153d9bebc2ad6ca2aa13^	^XS^	^0^	^^	^^	^^	^2017-12-21 11:27:11^
^6b6bc9f9ab8b153d9bebc2ad6ca2aa13^	^6b6b4e2141a3bf621e847e6a2c276981^	^6b6bc9f9ab8b153d9bebc2ad6ca2aa13^	^XS^	^0^	^^	^^	^^	^2017-12-21 11:27:11^
^6b6bc9f9ab8b153d9bebc2ad6ca2aa13^	^6b667d62b56b7e435f7d390840bd4ab5^	^6b6bc9f9ab8b153d9bebc2ad6ca2aa13^	^XL^	^0^	^^	^^	^^	^2017-12-21 11:27:11^
^6b6bc9f9ab8b153d9bebc2ad6ca2aa13^	^6b691094d20625524858d322275b9280^	^6b6bc9f9ab8b153d9bebc2ad6ca2aa13^	^XS^	^0^	^^	^^	^^	^2017-12-21 11:27:11^
^6b6bc9f9ab8b153d9bebc2ad6ca2aa13^	^6b6f3c04d930e3246cadc809f592f76e^	^6b6bc9f9ab8b153d9bebc2ad6ca2aa13^	^M^	^0^	^^	^^	^^	^2017-12-21 11:27:11^
^6b6bc9f9ab8b153d9bebc2ad6ca2aa13^	^6b6cb8057dbe57f23bdd37b527dd8422^	^6b6bc9f9ab8b153d9bebc2ad6ca2aa13^	^XL^	^0^	^^	^^	^^	^2017-12-21 11:27:11^
^6b6bc9f9ab8b153d9bebc2ad6ca2aa13^	^6b6c03b13f7d0c9b5820b2319f73dbaa^	^6b6bc9f9ab8b153d9bebc2ad6ca2aa13^	^XL^	^0^	^^	^^	^^	^2017-12-21 11:27:11^
^6b6bc9f9ab8b153d9bebc2ad6ca2aa13^	^6b60aeaff5965e7c99166cbf903abbbc^	^6b6bc9f9ab8b153d9bebc2ad6ca2aa13^	^S^	^0^	^^	^^	^^	^2017-12-21 11:27:11^
^6b6e77de7a04de54f1aa63cfeca2f487^	^6b6f73d9dd5fd0665da8b10b147039be^	^6b6e77de7a04de54f1aa63cfeca2f487^	^Used^	^0^	^^	^^	^^	^2017-12-21 11:27:11^
^6b6e77de7a04de54f1aa63cfeca2f487^	^6b6253909f5da902f197944c76e3c1ed^	^6b6e77de7a04de54f1aa63cfeca2f487^	^Used^	^0^	^^	^^	^^	^2017-12-21 11:27:11^
^6b6e77de7a04de54f1aa63cfeca2f487^	^6b6409b6fb249885d9f625009597f983^	^6b6e77de7a04de54f1aa63cfeca2f487^	^Used And Abused^	^0^	^^	^^	^^	^2017-12-21 11:27:11^
^6b6e77de7a04de54f1aa63cfeca2f487^	^6b6439a5aede3b2d290f1fb5d7734a3c^	^6b6e77de7a04de54f1aa63cfeca2f487^	^Used^	^0^	^^	^^	^^	^2017-12-21 11:27:11^
^6b6e77de7a04de54f1aa63cfeca2f487^	^6b6257368fc3b0a0b28fbc7022db28fd^	^6b6e77de7a04de54f1aa63cfeca2f487^	^Used And Abused^	^0^	^^	^^	^^	^2017-12-21 11:27:11^
^6b6e77de7a04de54f1aa63cfeca2f487^	^6b6f490cb0ded8099d867ef893cdf5ae^	^6b6e77de7a04de54f1aa63cfeca2f487^	^Used^	^0^	^^	^^	^^	^2017-12-21 11:27:11^
^6b6e77de7a04de54f1aa63cfeca2f487^	^6b60d9feb2af310c1e5a94972790921c^	^6b6e77de7a04de54f1aa63cfeca2f487^	^Used^	^0^	^^	^^	^^	^2017-12-21 11:27:11^
^6b6e77de7a04de54f1aa63cfeca2f487^	^6b66639d400bdd19f76ed54ceb14ae96^	^6b6e77de7a04de54f1aa63cfeca2f487^	^Predded Green^	^0^	^^	^^	^^	^2017-12-21 11:27:11^
^6b6e77de7a04de54f1aa63cfeca2f487^	^6b64d5e8a2e4da108725e85bd5833519^	^6b6e77de7a04de54f1aa63cfeca2f487^	^Used And Abused^	^0^	^^	^^	^^	^2017-12-21 11:27:11^
^6b6e77de7a04de54f1aa63cfeca2f487^	^6b60c5d539c1b3d6d507eb54acb936c6^	^6b6e77de7a04de54f1aa63cfeca2f487^	^Used And Abused^	^0^	^^	^^	^^	^2017-12-21 11:27:11^
^6b6e77de7a04de54f1aa63cfeca2f487^	^6b6b42499614ce3bfbee01f6eaba2f30^	^6b6e77de7a04de54f1aa63cfeca2f487^	^Bangle Blue^	^0^	^Bangle Blue^	^^	^^	^2017-12-21 11:27:11^
^6b6e77de7a04de54f1aa63cfeca2f487^	^6b66f4b02ad619cdadb7ea04b6c19cc2^	^6b6e77de7a04de54f1aa63cfeca2f487^	^Predded Green^	^0^	^^	^^	^^	^2017-12-21 11:27:11^
^6b6e77de7a04de54f1aa63cfeca2f487^	^6b6c3736fcc640f98af0990e76c862a4^	^6b6e77de7a04de54f1aa63cfeca2f487^	^Used And Abused^	^0^	^^	^^	^^	^2017-12-21 11:27:11^
^6b6e77de7a04de54f1aa63cfeca2f487^	^6b68ed659c29ffdf8a78473867d2ced1^	^6b6e77de7a04de54f1aa63cfeca2f487^	^Used^	^0^	^^	^^	^^	^2017-12-21 11:27:11^
^6b6e77de7a04de54f1aa63cfeca2f487^	^6b604968df1db0ff50ed2bdc0aa33d29^	^6b6e77de7a04de54f1aa63cfeca2f487^	^Bangle Blue^	^0^	^^	^^	^^	^2017-12-21 11:27:11^
^6b6e77de7a04de54f1aa63cfeca2f487^	^6b6d1a59edc30147b83d466bf9990e0d^	^6b6e77de7a04de54f1aa63cfeca2f487^	^Bangle Blue^	^0^	^^	^^	^^	^2017-12-21 11:27:11^
^6b6e77de7a04de54f1aa63cfeca2f487^	^6b671130a95607c5f5c0b926feb642a2^	^6b6e77de7a04de54f1aa63cfeca2f487^	^Bangle Blue^	^0^	^^	^^	^^	^2017-12-21 11:27:11^
^6b6e77de7a04de54f1aa63cfeca2f487^	^6b6d1b7d475f2526b3be13c7dc893cbe^	^6b6e77de7a04de54f1aa63cfeca2f487^	^Predded Green^	^0^	^^	^^	^^	^2017-12-21 11:27:11^
^6b6e77de7a04de54f1aa63cfeca2f487^	^6b6866d0d4601418584829afafd9e9ba^	^6b6e77de7a04de54f1aa63cfeca2f487^	^Used^	^0^	^^	^^	^^	^2017-12-21 11:27:11^
^6b6e77de7a04de54f1aa63cfeca2f487^	^6b612c596cd110afd4ef867feed32cf7^	^6b6e77de7a04de54f1aa63cfeca2f487^	^Bangle Blue^	^0^	^^	^^	^^	^2017-12-21 11:27:11^
^6b6e77de7a04de54f1aa63cfeca2f487^	^6b69eae5bc0a5f235a00f87bef2dd0ea^	^6b6e77de7a04de54f1aa63cfeca2f487^	^Predded Green^	^0^	^^	^^	^^	^2017-12-21 11:27:11^
^6b6e77de7a04de54f1aa63cfeca2f487^	^6b6bbee08ebc85f4fc02d7fe5bff1ed6^	^6b6e77de7a04de54f1aa63cfeca2f487^	^Bangle Blue^	^0^	^^	^^	^^	^2017-12-21 11:27:11^
^6b6e77de7a04de54f1aa63cfeca2f487^	^6b650b39cd4fc636f66a5b08c3067f35^	^6b6e77de7a04de54f1aa63cfeca2f487^	^Used^	^0^	^^	^^	^^	^2017-12-21 11:27:11^
^6b6e77de7a04de54f1aa63cfeca2f487^	^6b6495f1a76daa5c3d9828ba50c0364b^	^6b6e77de7a04de54f1aa63cfeca2f487^	^Predded Green^	^0^	^^	^^	^^	^2017-12-21 11:27:11^
^6b6e77de7a04de54f1aa63cfeca2f487^	^6b60634012124b8a21164381971e540a^	^6b6e77de7a04de54f1aa63cfeca2f487^	^Used^	^0^	^^	^^	^^	^2017-12-21 11:27:11^
^6b6e77de7a04de54f1aa63cfeca2f487^	^6b636346c51545a260f7714715bfd65e^	^6b6e77de7a04de54f1aa63cfeca2f487^	^Used And Abused^	^0^	^^	^^	^^	^2017-12-21 11:27:11^
^6b6e77de7a04de54f1aa63cfeca2f487^	^6b677330554d6c063a03abdcda72ea67^	^6b6e77de7a04de54f1aa63cfeca2f487^	^Used And Abused^	^0^	^^	^^	^^	^2017-12-21 11:27:11^
^6b6e77de7a04de54f1aa63cfeca2f487^	^6b62d5d49563644d44d8b91bb0eed3b4^	^6b6e77de7a04de54f1aa63cfeca2f487^	^Used And Abused^	^0^	^^	^^	^^	^2017-12-21 11:27:11^
^6b6e77de7a04de54f1aa63cfeca2f487^	^6b6d1899ebe63dc2e10596d03c80e8f5^	^6b6e77de7a04de54f1aa63cfeca2f487^	^Used And Abused^	^0^	^^	^^	^^	^2017-12-21 11:27:11^
^6b6e77de7a04de54f1aa63cfeca2f487^	^6b6b925a0cc2580783bf9363154adea9^	^6b6e77de7a04de54f1aa63cfeca2f487^	^Used^	^0^	^^	^^	^^	^2017-12-21 11:27:11^
^6b6e77de7a04de54f1aa63cfeca2f487^	^6b6e15d4dab7afd5322643eb9ea1b371^	^6b6e77de7a04de54f1aa63cfeca2f487^	^Used And Abused^	^0^	^^	^^	^^	^2017-12-21 11:27:11^
^6b6e77de7a04de54f1aa63cfeca2f487^	^6b67a094a2f8608cd59f0297c10b3e79^	^6b6e77de7a04de54f1aa63cfeca2f487^	^Bangle Blue^	^0^	^^	^^	^^	^2017-12-21 11:27:11^
^6b6e77de7a04de54f1aa63cfeca2f487^	^6b6b8404557b78376523740db7807138^	^6b6e77de7a04de54f1aa63cfeca2f487^	^Bangle Blue^	^0^	^^	^^	^^	^2017-12-21 11:27:11^
^6b6e77de7a04de54f1aa63cfeca2f487^	^6b601475e2e3cb682a5c0e05798ddffc^	^6b6e77de7a04de54f1aa63cfeca2f487^	^Bangle Blue^	^0^	^^	^^	^^	^2017-12-21 11:27:11^
^6b6e77de7a04de54f1aa63cfeca2f487^	^6b6a0e77921d0f72a41de928e7932afd^	^6b6e77de7a04de54f1aa63cfeca2f487^	^Used^	^0^	^^	^^	^^	^2017-12-21 11:27:11^
^6b6e77de7a04de54f1aa63cfeca2f487^	^6b6e735dda4d85e6b53896cc19d83d2d^	^6b6e77de7a04de54f1aa63cfeca2f487^	^Used^	^0^	^^	^^	^^	^2017-12-21 11:27:11^
^6b6e77de7a04de54f1aa63cfeca2f487^	^6b6fe17423e259b07175e99dbbca1416^	^6b6e77de7a04de54f1aa63cfeca2f487^	^Used^	^0^	^^	^^	^^	^2017-12-21 11:27:11^
^6b6e77de7a04de54f1aa63cfeca2f487^	^6b6d72f32b35017894cc4af98517094a^	^6b6e77de7a04de54f1aa63cfeca2f487^	^Used And Abused^	^0^	^^	^^	^^	^2017-12-21 11:27:11^
^6b6e77de7a04de54f1aa63cfeca2f487^	^6b6cb6bbefb49c60cecded0f9c469e99^	^6b6e77de7a04de54f1aa63cfeca2f487^	^Predded Green^	^0^	^^	^^	^^	^2017-12-21 11:27:11^
^6b6e77de7a04de54f1aa63cfeca2f487^	^6b6c3e7137bef887ed947476209494ac^	^6b6e77de7a04de54f1aa63cfeca2f487^	^Used^	^0^	^^	^^	^^	^2017-12-21 11:27:11^
^6b6e77de7a04de54f1aa63cfeca2f487^	^6b623382ca8168d32512cbd368eed733^	^6b6e77de7a04de54f1aa63cfeca2f487^	^Used^	^0^	^^	^^	^^	^2017-12-21 11:27:11^
^6b6e77de7a04de54f1aa63cfeca2f487^	^6b68ae6b51d8b75af48f053310f56696^	^6b6e77de7a04de54f1aa63cfeca2f487^	^Used^	^0^	^^	^^	^^	^2017-12-21 11:27:11^
^6b6e77de7a04de54f1aa63cfeca2f487^	^6b6a3699b9879479aa72f74d269130e9^	^6b6e77de7a04de54f1aa63cfeca2f487^	^Used And Abused^	^0^	^^	^^	^^	^2017-12-21 11:27:11^
^6b6e77de7a04de54f1aa63cfeca2f487^	^6b6c11d3012885750c635479cea6a902^	^6b6e77de7a04de54f1aa63cfeca2f487^	^Bangle Blue^	^0^	^^	^^	^^	^2017-12-21 11:27:11^
^6b6e77de7a04de54f1aa63cfeca2f487^	^6b67d8455169e2a581e8dea40582745c^	^6b6e77de7a04de54f1aa63cfeca2f487^	^Bangle Blue^	^0^	^^	^^	^^	^2017-12-21 11:27:11^
^6b6e77de7a04de54f1aa63cfeca2f487^	^6b6b95fc8b6ec3c0c027c216f3e5ad37^	^6b6e77de7a04de54f1aa63cfeca2f487^	^Used^	^0^	^^	^^	^^	^2017-12-21 11:27:11^
^6b6e77de7a04de54f1aa63cfeca2f487^	^6b60ea7d56e6f20b8b4666f002e68a33^	^6b6e77de7a04de54f1aa63cfeca2f487^	^Bangle Blue^	^0^	^^	^^	^^	^2017-12-21 11:27:11^
^6b6e77de7a04de54f1aa63cfeca2f487^	^6b6b3208cab03260712cd073e406391d^	^6b6e77de7a04de54f1aa63cfeca2f487^	^Predded Green^	^0^	^^	^^	^^	^2017-12-21 11:27:11^
^6b6e77de7a04de54f1aa63cfeca2f487^	^6b61e50aa933a96b5f6d0572d0083948^	^6b6e77de7a04de54f1aa63cfeca2f487^	^Predded Green^	^0^	^^	^^	^^	^2017-12-21 11:27:11^
^6b6e77de7a04de54f1aa63cfeca2f487^	^6b62bb34c2ce323f0993cb64d8ec4f8d^	^6b6e77de7a04de54f1aa63cfeca2f487^	^Used^	^0^	^^	^^	^^	^2017-12-21 11:27:11^
^6b6e77de7a04de54f1aa63cfeca2f487^	^6b684a67939f7b2e7b03a13433aef5a7^	^6b6e77de7a04de54f1aa63cfeca2f487^	^Bangle Blue^	^0^	^^	^^	^^	^2017-12-21 11:27:11^
^6b6e77de7a04de54f1aa63cfeca2f487^	^6b692ce84e8d09d1deee90ddbcabf70f^	^6b6e77de7a04de54f1aa63cfeca2f487^	^Used^	^0^	^^	^^	^^	^2017-12-21 11:27:11^
^6b6e77de7a04de54f1aa63cfeca2f487^	^6b653b86aaafbea399aee6f036bf4092^	^6b6e77de7a04de54f1aa63cfeca2f487^	^Used And Abused^	^0^	^^	^^	^^	^2017-12-21 11:27:11^
^6b6e77de7a04de54f1aa63cfeca2f487^	^6b615f25e50c68d48853e597ac9a5e27^	^6b6e77de7a04de54f1aa63cfeca2f487^	^Used And Abused^	^0^	^^	^^	^^	^2017-12-21 11:27:11^
^6b6e77de7a04de54f1aa63cfeca2f487^	^6b6ee1cfdeeab73834f6fb0376139cb6^	^6b6e77de7a04de54f1aa63cfeca2f487^	^Bangle Blue^	^0^	^^	^^	^^	^2017-12-21 11:27:11^
^6b6e77de7a04de54f1aa63cfeca2f487^	^6b6460389fc2786880aaf5b7b82c3ac4^	^6b6e77de7a04de54f1aa63cfeca2f487^	^Predded Green^	^0^	^^	^^	^^	^2017-12-21 11:27:11^
^6b6e77de7a04de54f1aa63cfeca2f487^	^6b69dab619bfd2579c342c63b8a065ee^	^6b6e77de7a04de54f1aa63cfeca2f487^	^Predded Green^	^0^	^^	^^	^^	^2017-12-21 11:27:11^
^6b6e77de7a04de54f1aa63cfeca2f487^	^6b691aaa336b7144faaeff63bca81883^	^6b6e77de7a04de54f1aa63cfeca2f487^	^Predded Green^	^0^	^^	^^	^^	^2017-12-21 11:27:11^
^6b6e77de7a04de54f1aa63cfeca2f487^	^6b6b0a08873dfcf8d45a9e9df482decb^	^6b6e77de7a04de54f1aa63cfeca2f487^	^Used And Abused^	^0^	^^	^^	^^	^2017-12-21 11:27:11^
^6b6e77de7a04de54f1aa63cfeca2f487^	^6b6259c2806ef3c748d3b874ec6fecc6^	^6b6e77de7a04de54f1aa63cfeca2f487^	^Used And Abused^	^0^	^^	^^	^^	^2017-12-21 11:27:11^
^6b6e77de7a04de54f1aa63cfeca2f487^	^6b64cb975dd86d67053bf7393d4e72ce^	^6b6e77de7a04de54f1aa63cfeca2f487^	^Predded Green^	^0^	^^	^^	^^	^2017-12-21 11:27:11^
^6b6e77de7a04de54f1aa63cfeca2f487^	^6b66cc12510e76ec75eda0427f6fe2c5^	^6b6e77de7a04de54f1aa63cfeca2f487^	^Predded Green^	^0^	^^	^^	^^	^2017-12-21 11:27:11^
^6b6e77de7a04de54f1aa63cfeca2f487^	^6b6ab2bb6d2593d45c60d3e8361ad763^	^6b6e77de7a04de54f1aa63cfeca2f487^	^Bangle Blue^	^0^	^^	^^	^^	^2017-12-21 11:27:11^
^6b6e77de7a04de54f1aa63cfeca2f487^	^6b6eb700fb264b0a050bdf673267bb2a^	^6b6e77de7a04de54f1aa63cfeca2f487^	^Used And Abused^	^0^	^^	^^	^^	^2017-12-21 11:27:11^
^6b6e77de7a04de54f1aa63cfeca2f487^	^6b65177c1deb7dba0a4acf8a1788f8f3^	^6b6e77de7a04de54f1aa63cfeca2f487^	^Used^	^0^	^^	^^	^^	^2017-12-21 11:27:11^
^6b6e77de7a04de54f1aa63cfeca2f487^	^6b655c85368376a8018991471e42aff7^	^6b6e77de7a04de54f1aa63cfeca2f487^	^Bangle Blue^	^0^	^^	^^	^^	^2017-12-21 11:27:11^
^6b6e77de7a04de54f1aa63cfeca2f487^	^6b63bc6e384483f06b3250eb11f5ac40^	^6b6e77de7a04de54f1aa63cfeca2f487^	^Used And Abused^	^0^	^^	^^	^^	^2017-12-21 11:27:11^
^6b6e77de7a04de54f1aa63cfeca2f487^	^6b630669eeb2262e7d62f3ad2fa2a5c3^	^6b6e77de7a04de54f1aa63cfeca2f487^	^Used And Abused^	^0^	^^	^^	^^	^2017-12-21 11:27:11^
^6b6e77de7a04de54f1aa63cfeca2f487^	^6b6178261744a8afa0febc65e6bcdf32^	^6b6e77de7a04de54f1aa63cfeca2f487^	^Used^	^0^	^^	^^	^^	^2017-12-21 11:27:11^
^6b6e77de7a04de54f1aa63cfeca2f487^	^6b6d5d6fed01d8bd2c9ceeef2ac0c53f^	^6b6e77de7a04de54f1aa63cfeca2f487^	^Used^	^0^	^^	^^	^^	^2017-12-21 11:27:11^
^6b6e77de7a04de54f1aa63cfeca2f487^	^6b6d806fa044e38e268322ac9c74cd42^	^6b6e77de7a04de54f1aa63cfeca2f487^	^Bangle Blue^	^0^	^^	^^	^^	^2017-12-21 11:27:11^
^6b6e77de7a04de54f1aa63cfeca2f487^	^6b6615c46c0715107388531b95d845f5^	^6b6e77de7a04de54f1aa63cfeca2f487^	^Predded Green^	^0^	^^	^^	^^	^2017-12-21 11:27:11^
^6b6e77de7a04de54f1aa63cfeca2f487^	^6b621c7d9b97c6b75ca02fb6ff350667^	^6b6e77de7a04de54f1aa63cfeca2f487^	^Bangle Blue^	^0^	^^	^^	^^	^2017-12-21 11:27:11^
^6b6e77de7a04de54f1aa63cfeca2f487^	^6b6b53ff8d23c9203456a8f0a0db6886^	^6b6e77de7a04de54f1aa63cfeca2f487^	^Used^	^0^	^^	^^	^^	^2017-12-21 11:27:11^
^6b6e77de7a04de54f1aa63cfeca2f487^	^6b6391295d1684af0978588fdd5b933c^	^6b6e77de7a04de54f1aa63cfeca2f487^	^Predded Green^	^0^	^^	^^	^^	^2017-12-21 11:27:11^
^6b6e77de7a04de54f1aa63cfeca2f487^	^6b68cceeb63e8eb9b57af5a1ff1a4f7c^	^6b6e77de7a04de54f1aa63cfeca2f487^	^Predded Green^	^0^	^^	^^	^^	^2017-12-21 11:27:11^
^6b6e77de7a04de54f1aa63cfeca2f487^	^6b6e47ae8535dd1115ec20eec7b8c62b^	^6b6e77de7a04de54f1aa63cfeca2f487^	^Used And Abused^	^0^	^^	^^	^^	^2017-12-21 11:27:11^
^6b6e77de7a04de54f1aa63cfeca2f487^	^6b69dacad0a698d45cea4258debefc6e^	^6b6e77de7a04de54f1aa63cfeca2f487^	^Used^	^0^	^^	^^	^^	^2017-12-21 11:27:11^
^6b6e77de7a04de54f1aa63cfeca2f487^	^6b65491f4c8727fe33346d910fc46871^	^6b6e77de7a04de54f1aa63cfeca2f487^	^Used^	^0^	^^	^^	^^	^2017-12-21 11:27:11^
^6b6e77de7a04de54f1aa63cfeca2f487^	^6b6cf9f83e21bd9be969051ffb8ad4f7^	^6b6e77de7a04de54f1aa63cfeca2f487^	^Used And Abused^	^0^	^^	^^	^^	^2017-12-21 11:27:11^
^6b6e77de7a04de54f1aa63cfeca2f487^	^6b649e6aba95315fe4e157a856edb1e8^	^6b6e77de7a04de54f1aa63cfeca2f487^	^Used^	^0^	^^	^^	^^	^2017-12-21 11:27:11^
^6b6e77de7a04de54f1aa63cfeca2f487^	^6b67099f62c55b59eb5abf97ef929416^	^6b6e77de7a04de54f1aa63cfeca2f487^	^Used And Abused^	^0^	^^	^^	^^	^2017-12-21 11:27:11^
^6b6e77de7a04de54f1aa63cfeca2f487^	^6b653b4362631a0d9f8521773f6ab881^	^6b6e77de7a04de54f1aa63cfeca2f487^	^Used^	^0^	^^	^^	^^	^2017-12-21 11:27:11^
^6b6e77de7a04de54f1aa63cfeca2f487^	^6b6e23bb114e97a249bdd6804e5abfab^	^6b6e77de7a04de54f1aa63cfeca2f487^	^Bangle Blue^	^0^	^^	^^	^^	^2017-12-21 11:27:11^
^6b6e77de7a04de54f1aa63cfeca2f487^	^6b6053b5460127331e9e433cb09cac1f^	^6b6e77de7a04de54f1aa63cfeca2f487^	^Predded Green^	^0^	^^	^^	^^	^2017-12-21 11:27:11^
^6b6e77de7a04de54f1aa63cfeca2f487^	^6b61e9ad4544e69846a72bd6f7335f97^	^6b6e77de7a04de54f1aa63cfeca2f487^	^Used^	^0^	^^	^^	^^	^2017-12-21 11:27:11^
^6b6e77de7a04de54f1aa63cfeca2f487^	^6b66d919442e2bc6592b83b727bf93d8^	^6b6e77de7a04de54f1aa63cfeca2f487^	^Used^	^0^	^^	^^	^^	^2017-12-21 11:27:11^
^6b6e77de7a04de54f1aa63cfeca2f487^	^6b65812113f8d9457cfed73469f94cdc^	^6b6e77de7a04de54f1aa63cfeca2f487^	^Used And Abused^	^0^	^^	^^	^^	^2017-12-21 11:27:11^
^6b6e77de7a04de54f1aa63cfeca2f487^	^6b62cc0bbca65c2c8ce5a1921bcf2672^	^6b6e77de7a04de54f1aa63cfeca2f487^	^Used And Abused^	^0^	^^	^^	^^	^2017-12-21 11:27:11^
^6b6e77de7a04de54f1aa63cfeca2f487^	^6b63b4373f3c979b9f8720c1ba9854c4^	^6b6e77de7a04de54f1aa63cfeca2f487^	^Used^	^0^	^^	^^	^^	^2017-12-21 11:27:11^
^6b6e77de7a04de54f1aa63cfeca2f487^	^6b6419449bfce44e6bfe9b356778949a^	^6b6e77de7a04de54f1aa63cfeca2f487^	^Bangle Blue^	^0^	^^	^^	^^	^2017-12-21 11:27:11^
^6b6e77de7a04de54f1aa63cfeca2f487^	^6b6eafd61d10737b8f1857c18b977c40^	^6b6e77de7a04de54f1aa63cfeca2f487^	^Used^	^0^	^^	^^	^^	^2017-12-21 11:27:11^
^6b6e77de7a04de54f1aa63cfeca2f487^	^6b602e5149e1b2964af04726d7459a9d^	^6b6e77de7a04de54f1aa63cfeca2f487^	^Used^	^0^	^^	^^	^^	^2017-12-21 11:27:11^
^6b6e77de7a04de54f1aa63cfeca2f487^	^6b678617420cb3f943f0d4f96d491caa^	^6b6e77de7a04de54f1aa63cfeca2f487^	^Predded Green^	^0^	^^	^^	^^	^2017-12-21 11:27:11^
^6b6e77de7a04de54f1aa63cfeca2f487^	^6b6521c2ff46353628da62e8bf5c7cbc^	^6b6e77de7a04de54f1aa63cfeca2f487^	^Used And Abused^	^0^	^^	^^	^^	^2017-12-21 11:27:11^
^6b6e77de7a04de54f1aa63cfeca2f487^	^6b69a9abf3a6af23389c840f57c0f781^	^6b6e77de7a04de54f1aa63cfeca2f487^	^Bangle Blue^	^0^	^^	^^	^^	^2017-12-21 11:27:11^
^6b6e77de7a04de54f1aa63cfeca2f487^	^6b6912689dff60d48dc9ddbdf5cb7b05^	^6b6e77de7a04de54f1aa63cfeca2f487^	^Predded Green^	^0^	^^	^^	^^	^2017-12-21 11:27:11^
^6b6e77de7a04de54f1aa63cfeca2f487^	^6b6610152522a50335cf603d9ccf38c9^	^6b6e77de7a04de54f1aa63cfeca2f487^	^Bangle Blue^	^0^	^^	^^	^^	^2017-12-21 11:27:11^
^6b6e77de7a04de54f1aa63cfeca2f487^	^6b6226867346c666c4f36461cb8d4d45^	^6b6e77de7a04de54f1aa63cfeca2f487^	^Bangle Blue^	^0^	^^	^^	^^	^2017-12-21 11:27:11^
^6b6e77de7a04de54f1aa63cfeca2f487^	^6b6dd192634385915a09431a454ed9c7^	^6b6e77de7a04de54f1aa63cfeca2f487^	^Bangle Blue^	^0^	^^	^^	^^	^2017-12-21 11:27:11^
^6b6e77de7a04de54f1aa63cfeca2f487^	^6b69504443730c874d56330a8f82481d^	^6b6e77de7a04de54f1aa63cfeca2f487^	^Predded Green^	^0^	^^	^^	^^	^2017-12-21 11:27:11^
^6b6e77de7a04de54f1aa63cfeca2f487^	^6b6c47c6c6ba8efe012dfb9fa7a862b2^	^6b6e77de7a04de54f1aa63cfeca2f487^	^Predded Green^	^0^	^^	^^	^^	^2017-12-21 11:27:11^
^6b6e77de7a04de54f1aa63cfeca2f487^	^6b67aa3f29f0c1d060935b2e98c2e5ba^	^6b6e77de7a04de54f1aa63cfeca2f487^	^Bangle Blue^	^0^	^^	^^	^^	^2017-12-21 11:27:11^
^6b6e77de7a04de54f1aa63cfeca2f487^	^6b6598c0a259c544820195658b0ee8a1^	^6b6e77de7a04de54f1aa63cfeca2f487^	^Used^	^0^	^^	^^	^^	^2017-12-21 11:27:11^
^6b6e77de7a04de54f1aa63cfeca2f487^	^6b645b19be9ef0e004c3bf5b9711fc94^	^6b6e77de7a04de54f1aa63cfeca2f487^	^Bangle Blue^	^0^	^^	^^	^^	^2017-12-21 11:27:11^
^6b6e77de7a04de54f1aa63cfeca2f487^	^6b6a4e990f792e7ed04309b945d2e680^	^6b6e77de7a04de54f1aa63cfeca2f487^	^Used^	^0^	^^	^^	^^	^2017-12-21 11:27:11^
^6b6e77de7a04de54f1aa63cfeca2f487^	^6b62e33d19c55eafaeebbac6029fa86f^	^6b6e77de7a04de54f1aa63cfeca2f487^	^Used And Abused^	^0^	^^	^^	^^	^2017-12-21 11:27:11^
^6b6e77de7a04de54f1aa63cfeca2f487^	^6b62fa89315ba6bbc485972cca1f191f^	^6b6e77de7a04de54f1aa63cfeca2f487^	^Predded Green^	^0^	^^	^^	^^	^2017-12-21 11:27:11^
^6b6e77de7a04de54f1aa63cfeca2f487^	^6b61045c863d78381d5d6dea5f041fe2^	^6b6e77de7a04de54f1aa63cfeca2f487^	^Used^	^0^	^^	^^	^^	^2017-12-21 11:27:11^
^6b6e77de7a04de54f1aa63cfeca2f487^	^6b6801c7186376d9125965a40f82e848^	^6b6e77de7a04de54f1aa63cfeca2f487^	^Predded Green^	^0^	^^	^^	^^	^2017-12-21 11:27:11^
^6b6e77de7a04de54f1aa63cfeca2f487^	^6b6eb34fcceb69efafddaeeedb81d9a4^	^6b6e77de7a04de54f1aa63cfeca2f487^	^Bangle Blue^	^0^	^^	^^	^^	^2017-12-21 11:27:11^
^6b6e77de7a04de54f1aa63cfeca2f487^	^6b648cd528bca9be4da259138548156d^	^6b6e77de7a04de54f1aa63cfeca2f487^	^Bangle Blue^	^0^	^^	^^	^^	^2017-12-21 11:27:11^
^6b6e77de7a04de54f1aa63cfeca2f487^	^6b6ce1411157816ae6cebf025fd0eacb^	^6b6e77de7a04de54f1aa63cfeca2f487^	^Used And Abused^	^0^	^^	^^	^^	^2017-12-21 11:27:11^
^6b6e77de7a04de54f1aa63cfeca2f487^	^6b66bce0fd880213067fdb0d70325b32^	^6b6e77de7a04de54f1aa63cfeca2f487^	^Used And Abused^	^0^	^^	^^	^^	^2017-12-21 11:27:11^
^6b6e77de7a04de54f1aa63cfeca2f487^	^6b69d055e438da6d147c8cd574f91f8c^	^6b6e77de7a04de54f1aa63cfeca2f487^	^Used And Abused^	^0^	^^	^^	^^	^2017-12-21 11:27:11^
^6b6e77de7a04de54f1aa63cfeca2f487^	^6b6e344a8ae2285278eea82ee232a651^	^6b6e77de7a04de54f1aa63cfeca2f487^	^Used And Abused^	^0^	^^	^^	^^	^2017-12-21 11:27:11^
^6b6e77de7a04de54f1aa63cfeca2f487^	^6b67bf900e85d47632c08bb31e8794c9^	^6b6e77de7a04de54f1aa63cfeca2f487^	^Bangle Blue^	^0^	^^	^^	^^	^2017-12-21 11:27:11^
^6b6e77de7a04de54f1aa63cfeca2f487^	^6b6ac854f17d53e5e67436e1c2bb6cf3^	^6b6e77de7a04de54f1aa63cfeca2f487^	^Used^	^0^	^^	^^	^^	^2017-12-21 11:27:11^
^6b6e77de7a04de54f1aa63cfeca2f487^	^6b6638264bc483c0c78363904ab3e38b^	^6b6e77de7a04de54f1aa63cfeca2f487^	^Used And Abused^	^0^	^^	^^	^^	^2017-12-21 11:27:11^
^6b6e77de7a04de54f1aa63cfeca2f487^	^6b6349e9e96c8b0bfbcd450f811b927f^	^6b6e77de7a04de54f1aa63cfeca2f487^	^Predded Green^	^0^	^^	^^	^^	^2017-12-21 11:27:11^
^6b6e77de7a04de54f1aa63cfeca2f487^	^6b68e12dad243b64be0a7b2999b14085^	^6b6e77de7a04de54f1aa63cfeca2f487^	^Predded Green^	^0^	^^	^^	^^	^2017-12-21 11:27:11^
^6b6e77de7a04de54f1aa63cfeca2f487^	^6b693f0d86f789b66246202a41906557^	^6b6e77de7a04de54f1aa63cfeca2f487^	^Bangle Blue^	^0^	^^	^^	^^	^2017-12-21 11:27:11^
^6b6e77de7a04de54f1aa63cfeca2f487^	^6b681be87aaa048aabf7130dbe2068d8^	^6b6e77de7a04de54f1aa63cfeca2f487^	^Predded Green^	^0^	^^	^^	^^	^2017-12-21 11:27:11^
^6b6e77de7a04de54f1aa63cfeca2f487^	^6b6cd81cd6cc48a5ef8cee0df5456bb6^	^6b6e77de7a04de54f1aa63cfeca2f487^	^Predded Green^	^0^	^^	^^	^^	^2017-12-21 11:27:11^
^6b6e77de7a04de54f1aa63cfeca2f487^	^6b6d4b521b44c8be3ba6f46d50a61a58^	^6b6e77de7a04de54f1aa63cfeca2f487^	^Bangle Blue^	^0^	^^	^^	^^	^2017-12-21 11:27:11^
^6b6e77de7a04de54f1aa63cfeca2f487^	^6b6dc4a0a4dd1f3d866efea6304942e6^	^6b6e77de7a04de54f1aa63cfeca2f487^	^Used And Abused^	^0^	^^	^^	^^	^2017-12-21 11:27:11^
^6b6e77de7a04de54f1aa63cfeca2f487^	^6b6a9ae93399ec2570b9fd3ee02b14cb^	^6b6e77de7a04de54f1aa63cfeca2f487^	^Used^	^0^	^^	^^	^^	^2017-12-21 11:27:11^
^6b6e77de7a04de54f1aa63cfeca2f487^	^6b69aa7227442d5eb0df4c08dfde81d9^	^6b6e77de7a04de54f1aa63cfeca2f487^	^Bangle Blue^	^0^	^^	^^	^^	^2017-12-21 11:27:11^
^6b6e77de7a04de54f1aa63cfeca2f487^	^6b6f61f7acf47aa9172230601ca16e91^	^6b6e77de7a04de54f1aa63cfeca2f487^	^Used And Abused^	^0^	^^	^^	^^	^2017-12-21 11:27:11^
^6b6e77de7a04de54f1aa63cfeca2f487^	^6b63fe7633ce058b9a19e3404b91f63d^	^6b6e77de7a04de54f1aa63cfeca2f487^	^Predded Green^	^0^	^^	^^	^^	^2017-12-21 11:27:11^
^6b6e77de7a04de54f1aa63cfeca2f487^	^6b68ebf8028c01707db56b5bfd73901a^	^6b6e77de7a04de54f1aa63cfeca2f487^	^Bangle Blue^	^0^	^^	^^	^^	^2017-12-21 11:27:11^
^6b6e77de7a04de54f1aa63cfeca2f487^	^6b6d02de1c68530dbee23794476d866d^	^6b6e77de7a04de54f1aa63cfeca2f487^	^Used And Abused^	^0^	^^	^^	^^	^2017-12-21 11:27:11^
^6b6e77de7a04de54f1aa63cfeca2f487^	^6b6d843d49b15185b3ef633808477fbd^	^6b6e77de7a04de54f1aa63cfeca2f487^	^Predded Green^	^0^	^^	^^	^^	^2017-12-21 11:27:11^
^6b6e77de7a04de54f1aa63cfeca2f487^	^6b604054aeb97224742279a7e393d90d^	^6b6e77de7a04de54f1aa63cfeca2f487^	^Used And Abused^	^0^	^^	^^	^^	^2017-12-21 11:27:11^
^6b6e77de7a04de54f1aa63cfeca2f487^	^6b63ed599fcfa07768dbfbd93991543b^	^6b6e77de7a04de54f1aa63cfeca2f487^	^Bangle Blue^	^0^	^Bangle Blue^	^^	^^	^2017-12-21 11:27:11^
