^OXOBJECTID^	^OXIDENT^	^OXSHOPID^	^OXLANG^	^OXSTDURL^	^OXSEOURL^	^OXTYPE^	^OXFIXED^	^OXEXPIRED^	^OXPARAMS^	^OXTIMESTAMP^
^d3d9e8107af82d038f13908a971fb279^	^01c381c68e91fc5bbdc61f5e5e9eee69^	^1^	^1^	^?cl=rss&amp;fnc=topshop^	^en/rss/OXID-eShop-4/Top-of-the-shop/^	^dynamic^	^0^	^0^	^^	^2017-12-21 11:27:11^
^c855234180a3b4056b496120d229ea68^	^023abc17c853f9bccc201c5afd549a92^	^1^	^1^	^index.php?cl=account_wishlist^	^en/my-gift-registry/^	^static^	^0^	^0^	^^	^2017-12-21 11:27:11^
^c30ee6131c576c364bce6ae34c8ae80e^	^0252d43d1002690014b561f5e8b9440e^	^1^	^1^	^?cl=rss&amp;fnc=catarts&amp;cat=0f4f08358666c54b4fde3d83d2b7ef04^	^en/rss/Category/Kiteboards/^	^dynamic^	^0^	^0^	^^	^2018-09-19 11:41:19^
^e5340b054530ea779fb1802e93c8183e^	^02b4c1e4049b1baffba090c95a7edbf7^	^1^	^0^	^index.php?cl=invite^	^Laden-Sie-Ihre-Freunde/^	^static^	^0^	^0^	^^	^2017-12-21 11:27:11^
^b56164c54701f07df14b141da197c207^	^03257fbb247aea96fee76a36689a1975^	^1^	^1^	^index.php?cl=details&amp;anid=b56164c54701f07df14b141da197c207&amp;cnid=0f40c6a077b68c21f164767c4a903fd2^	^en/Wakeboarding/Bindings/Binding-LIQUID-FORCE-TRANSIT-BOOT-2010.html^	^oxarticle^	^0^	^0^	^0f40c6a077b68c21f164767c4a903fd2^	^2018-11-22 14:37:09^
^ec2fb70e52cbde126bc98d8cee98dd91^	^035a2e5b98e65c3719ff870b03a6531d^	^1^	^0^	^index.php?cl=tag&amp;searchtag=kurz^	^tag/kurz/^	^dynamic^	^0^	^0^	^^	^2017-12-21 11:27:11^
^5ec637af87fc71966e35420afe02f20a^	^03920306c7f983cde93213f00ba4f5a6^	^1^	^0^	^index.php?cl=tag&amp;searchtag=dunkel^	^tag/dunkel/^	^dynamic^	^0^	^0^	^^	^2017-12-21 11:27:11^
^2e17757c0aaf8ed9ef2ba30317fa1faf^	^0469752d03d80da379a679aaef4c0546^	^1^	^1^	^index.php?cl=suggest^	^en/recommend/^	^static^	^0^	^0^	^^	^2017-12-21 11:27:11^
^057ef382f23bdbb84991d049af2baba9^	^063c82502d9dd528ce2cc40ceb76ade7^	^1^	^1^	^index.php?cl=compare^	^en/my-product-comparison/^	^static^	^0^	^0^	^^	^2017-12-21 11:27:11^
^bfedf2352ca290b937b784f5be3f53fe^	^06a57be3533abe5799614493dd1699cc^	^1^	^0^	^index.php?cl=tag&amp;searchtag=langarm^	^tag/langarm/^	^dynamic^	^0^	^0^	^^	^2017-12-21 11:27:11^
^943173edecf6d6870a0f357b8ac84d32^	^06f69155ff85e1daaa29f29dfa401e63^	^1^	^1^	^index.php?cl=alist&amp;cnid=943173edecf6d6870a0f357b8ac84d32^	^en/Wakeboarding/^	^oxcategory^	^0^	^0^	^^	^2017-12-21 11:27:11^
^058de8224773a1d5fd54d523f0c823e0^	^0767edaa8b366a6d4ef3bd584ac48176^	^1^	^0^	^index.php?cl=details&amp;anid=058de8224773a1d5fd54d523f0c823e0&amp;cnid=0f4f08358666c54b4fde3d83d2b7ef04^	^Kiteboarding/Kiteboards/Kiteboard-CABRINHA-CALIBER-2011.html^	^oxarticle^	^0^	^0^	^0f4f08358666c54b4fde3d83d2b7ef04^	^2017-12-21 11:27:11^
^e9ba8c79c97579300bcd537506928a90^	^07c8ba0266fea1d366b5a892bf946b65^	^1^	^0^	^index.php?cl=tag&amp;searchtag=inflation^	^tag/inflation/^	^dynamic^	^0^	^0^	^^	^2017-12-21 11:27:11^
^9434afb379a46d6c141de9c9e5b94fcf^	^08b373dc43691a65bcf12184b719ef11^	^1^	^0^	^index.php?cl=manufacturerlist&amp;mnid=9434afb379a46d6c141de9c9e5b94fcf^	^Nach-Hersteller/Kuyichi/^	^oxmanufacturer^	^0^	^0^	^^	^2017-12-21 11:27:11^
^0b257d2bf3438f4abc0515e9bbc4c1ae^	^0be06bbbcf6ba3906d94a658b3f44621^	^1^	^0^	^index.php?cl=tag&amp;searchtag=buch^	^tag/buch/^	^dynamic^	^0^	^0^	^^	^2017-12-21 11:27:11^
^f4fe052346b4ec271011e25c052682c5^	^0bf7f890ad3e91bfe86c066da1ecc136^	^1^	^1^	^index.php?cl=details&amp;anid=f4fe052346b4ec271011e25c052682c5&amp;cnid=0f4fb00809cec9aa0910aa9c8fe36751^	^en/Kiteboarding/Kites/Kite-CORE-GT.html^	^oxarticle^	^0^	^0^	^0f4fb00809cec9aa0910aa9c8fe36751^	^2017-12-21 11:27:11^
^67c5bcf75ee346bd9566bce6c8^	^0d2f22b49c64eaa138d717ec752e3be3^	^1^	^0^	^index.php?cl=credits&amp;oxcid=67c5bcf75ee346bd9566bce6c8^	^Credits/^	^oxcontent^	^1^	^0^	^^	^2017-12-21 11:27:11^
^3a9fd0ec4b41d001e770b1d2d7af3e73^	^0e3d2fdcfe72c8cdd5670b6b2497cf51^	^1^	^0^	^index.php?cl=manufacturerlist&amp;mnid=3a9fd0ec4b41d001e770b1d2d7af3e73^	^Nach-Hersteller/Jucker-Hawaii/^	^oxmanufacturer^	^0^	^0^	^^	^2017-12-21 11:27:11^
^adc5ee42bd3c37a27a488769d22ad9ed^	^0e7db63ad16b4206194974b5ae8d70dc^	^1^	^1^	^index.php?cl=details&amp;anid=adc5ee42bd3c37a27a488769d22ad9ed&amp;cnid=fada9485f003c731b7fad08b873214e0^	^en/Gear/Sportswear/Neoprene/Suits/Wetsuit-NPX-VAMP.html^	^oxarticle^	^0^	^0^	^fada9485f003c731b7fad08b873214e0^	^2018-11-22 13:16:17^
^2eb4676806a3d2e87.06076523^	^0f0e9506edb981aeabcc77a039cb0f84^	^1^	^1^	^index.php?cl=content&amp;oxloadid=oxagb&amp;oxcid=2eb4676806a3d2e87.06076523^	^en/Terms-and-Conditions/^	^oxcontent^	^0^	^0^	^^	^2017-12-21 11:27:11^
^adcb9deae73557006a8ac748f45288b4^	^0f5fda923ae81d0965f615fe372ce371^	^1^	^1^	^index.php?cl=details&amp;anid=adcb9deae73557006a8ac748f45288b4&amp;cnid=fc7e7bd8403448f00a363f60f44da8f2^	^en/Kiteboarding/Supplies/Helmet-AHM-5000.html^	^oxarticle^	^0^	^0^	^fc7e7bd8403448f00a363f60f44da8f2^	^2017-12-21 11:27:11^
^f41427a07519469f1.34718981^	^101202a571cbde1f16d84c0fdd95be0f^	^1^	^0^	^index.php?cl=content&amp;oxloadid=oxdeliveryinfo&amp;oxcid=f41427a07519469f1.34718981^	^Zahlung-und-Lieferung/^	^oxcontent^	^0^	^0^	^^	^2017-12-21 11:27:11^
^b56597806428de2f58b1c6c7d3e0e093^	^11ec8d59dbcf6e1fbe82583be10c34e7^	^1^	^1^	^index.php?cl=details&amp;anid=b56597806428de2f58b1c6c7d3e0e093&amp;cnid=0f4fb00809cec9aa0910aa9c8fe36751^	^en/Kiteboarding/Kites/Kite-NBK-EVO-2010.html^	^oxarticle^	^0^	^0^	^0f4fb00809cec9aa0910aa9c8fe36751^	^2017-12-21 11:27:11^
^d86e244c8114c8214fbf83da8d6336b3^	^12731f17d47077d8addbb50ab8a2371d^	^1^	^1^	^index.php?cl=details&amp;anid=d86e244c8114c8214fbf83da8d6336b3&amp;cnid=0f4270b89fbef1481958381410a0dbca^	^en/Wakeboarding/Wakeboards/Wakeboard-SHANE.html^	^oxarticle^	^0^	^0^	^0f4270b89fbef1481958381410a0dbca^	^2017-12-21 11:27:11^
^531f91d4ab8bfb24c4d04e473d246d0b^	^12d247df1ba294b40f4f50c41fe6fe20^	^1^	^1^	^index.php?cl=details&amp;anid=531f91d4ab8bfb24c4d04e473d246d0b&amp;cnid=d8665fef35f4d528e92c3d664f4a00c0^	^en/Gear/Fashion/For-Him/Jeans/Kuyichi-Jeans-KYLE.html^	^oxarticle^	^0^	^0^	^d8665fef35f4d528e92c3d664f4a00c0^	^2018-11-20 20:10:04^
^b6e0c63f62a5d81d1dd2872bd9b9e761^	^135156834cafc14ebe896c350c7fbfe9^	^1^	^1^	^?cl=rss&amp;fnc=catarts&amp;cat=0f4270b89fbef1481958381410a0dbca^	^en/rss/Category/Wakeboards/^	^dynamic^	^0^	^0^	^^	^2018-11-02 14:18:59^
^7bc8a506bbca225a2f95b6eac66020bf^	^1368f5e45468ca1e1c7c84f174785c35^	^1^	^1^	^index.php?cl=account_noticelist^	^en/my-wish-list/^	^static^	^0^	^0^	^^	^2017-12-21 11:27:11^
^05848170643ab0deb9914566391c0c63^	^136ad48fac6900bded125ee7d4d1c187^	^1^	^1^	^index.php?cl=details&amp;anid=05848170643ab0deb9914566391c0c63&amp;cnid=0f41a4463b227c437f6e6bf57b1697c4^	^en/Kiteboarding/Harnesses/Harness-MADTRIXX.html^	^oxarticle^	^0^	^0^	^0f41a4463b227c437f6e6bf57b1697c4^	^2017-12-21 11:27:11^
^2f373d7aabf1412097ae62c207e20e7c^	^1573b0d378f3e365eec9112228cab176^	^1^	^0^	^index.php?cl=tag&amp;searchtag=tube^	^tag/tube/^	^dynamic^	^0^	^0^	^^	^2017-12-21 11:27:11^
^d1583709dc36e9d936a91ea3e186596e^	^16d7e67c4691fdd4b6b4042f04328331^	^1^	^0^	^index.php?cl=tag&amp;searchtag=pumpe^	^tag/pumpe/^	^dynamic^	^0^	^0^	^^	^2017-12-21 11:27:11^
^d863b76c6bb90a970a5577adf890e8cd^	^1753ab67b6d2504cd6a72d5a150e54bb^	^1^	^0^	^index.php?cl=alist&amp;cnid=d863b76c6bb90a970a5577adf890e8cd^	^Bekleidung/Fashion/Fuer-Sie/Jeans/^	^oxcategory^	^0^	^0^	^^	^2017-12-21 11:27:11^
^0f40c6a077b68c21f164767c4a903fd2^	^177fe66d2562547903165cba4f4dc67d^	^1^	^0^	^index.php?cl=alist&amp;cnid=0f40c6a077b68c21f164767c4a903fd2^	^Wakeboarding/Bindungen/^	^oxcategory^	^0^	^0^	^^	^2017-12-21 11:27:11^
^087e388398ae3239ffe8942ada8cc3cb^	^18080109088c49eb16b14e8dfea68e3b^	^1^	^0^	^index.php?cl=tag&amp;searchtag=%C3%A4rmellos^	^tag/aermellos/^	^dynamic^	^0^	^0^	^^	^2017-12-21 11:27:11^
^b5685a5230f5050475f214b4bb0e239b^	^195294ab70975bad8710d6fcae66871c^	^1^	^1^	^index.php?cl=details&amp;anid=b5685a5230f5050475f214b4bb0e239b&amp;cnid=0f40c6a077b68c21f164767c4a903fd2^	^en/Wakeboarding/Bindings/Binding-LIQUID-FORCE-INDEX-BOOT-2010.html^	^oxarticle^	^0^	^0^	^0f40c6a077b68c21f164767c4a903fd2^	^2018-11-22 14:37:09^
^9434afb379a46d6c141de9c9e5b94fcf^	^198a36a67a4bd692b0c34de09f86a289^	^1^	^1^	^index.php?cl=manufacturerlist&amp;mnid=9434afb379a46d6c141de9c9e5b94fcf^	^en/By-Manufacturer/Kuyichi/^	^oxmanufacturer^	^0^	^0^	^^	^2017-12-21 11:27:11^
^0f4270b89fbef1481958381410a0dbca^	^1a6d42494166a7a5e3030972824ce4af^	^1^	^0^	^index.php?cl=alist&amp;cnid=0f4270b89fbef1481958381410a0dbca^	^Wakeboarding/Wakeboards/^	^oxcategory^	^0^	^0^	^^	^2017-12-21 11:27:11^
^d862c91305fe0d5e86f82122ae9e367c^	^1c0367d61b95377a076b0ad505770419^	^1^	^1^	^index.php?cl=details&amp;anid=d862c91305fe0d5e86f82122ae9e367c&amp;cnid=d86d90e4b441aa3f0004dcda5ba5bb38^	^en/Wakeboarding/Sets/Set-O-BRIEN-DECADE-2010.html^	^oxarticle^	^0^	^0^	^d86d90e4b441aa3f0004dcda5ba5bb38^	^2018-11-22 13:26:30^
^943a9ba3050e78b443c16e043ae60ef3^	^1eb505f627b8020b9a9ab044959ca7df^	^1^	^1^	^index.php?cl=alist&amp;cnid=943a9ba3050e78b443c16e043ae60ef3^	^en/Kiteboarding/^	^oxcategory^	^0^	^0^	^^	^2017-12-21 11:27:11^
^c855234180a3b4056b496120d229ea68^	^1f30ae9b1c78b7dc89d3e5fe9eb0de59^	^1^	^0^	^index.php?cl=account_wishlist^	^mein-wunschzettel/^	^static^	^0^	^0^	^^	^2017-12-21 11:27:11^
^b56764137ca959da9541bb28c1987d6c^	^20c6ab38533f24aa5f32590e7f9cc6cd^	^1^	^1^	^index.php?cl=details&amp;anid=b56764137ca959da9541bb28c1987d6c&amp;cnid=0f4fb00809cec9aa0910aa9c8fe36751^	^en/Kiteboarding/Kites/Kite-NBK-REBEL-2010.html^	^oxarticle^	^0^	^0^	^0f4fb00809cec9aa0910aa9c8fe36751^	^2018-11-20 15:33:35^
^fad181ad64642b955becd0759345161e^	^2217e6e0c9f96f0392e2131d88e07e88^	^1^	^1^	^index.php?cl=alist&amp;cnid=fad181ad64642b955becd0759345161e^	^en/Gear/Fashion/^	^oxcategory^	^0^	^0^	^^	^2017-12-21 11:27:11^
^f4fc98f99e3660bd2ecd7450f832c41a^	^22fdfcc8f21658ab19e17a2966376596^	^1^	^0^	^index.php?cl=details&amp;anid=f4fc98f99e3660bd2ecd7450f832c41a&amp;cnid=fada9485f003c731b7fad08b873214e0^	^Bekleidung/Sportswear/Neopren/Anzuege/Neoprenanzug-NPX-ASSASSIN.html^	^oxarticle^	^0^	^0^	^fada9485f003c731b7fad08b873214e0^	^2017-12-21 11:27:11^
^6b6099c305f591cb39d4314e9a823fc1^	^24391a30836bd1262648d3d6dac15965^	^1^	^1^	^index.php?cl=details&amp;anid=6b6099c305f591cb39d4314e9a823fc1&amp;cnid=d86779840626d3ab8263b62db85df3f0^	^en/Gear/Fashion/For-Her/Shirts-Co/Stewart-Brown-Shirt-Kisser-Fish.html^	^oxarticle^	^0^	^0^	^d86779840626d3ab8263b62db85df3f0^	^2018-11-20 20:10:04^
^dc5b9cfeb5bd96fdbd9b4e43974661a1^	^251fca9476032882a4e2fe7442bf21bc^	^1^	^1^	^index.php?cl=details&amp;anid=dc5b9cfeb5bd96fdbd9b4e43974661a1&amp;cnid=0f4fb00809cec9aa0910aa9c8fe36751^	^en/Kiteboarding/Kites/Kite-FLYSURFER-SPEED3.html^	^oxarticle^	^0^	^0^	^0f4fb00809cec9aa0910aa9c8fe36751^	^2018-11-20 15:33:35^
^fc7e7bd8403448f00a363f60f44da8f2^	^25b7117756755394d13158d723223899^	^1^	^0^	^index.php?cl=alist&amp;cnid=fc7e7bd8403448f00a363f60f44da8f2^	^Kiteboarding/Zubehoer/^	^oxcategory^	^0^	^0^	^^	^2017-12-21 11:27:11^
^b4f456183a66e6c53b1f3f7f476cf2ee^	^25d988d339a848ee42267509027dea3d^	^1^	^0^	^?cl=rss&amp;fnc=newarts^	^rss/OXID-eShop-4/Neue-Artikel-im-Shop/^	^dynamic^	^0^	^0^	^^	^2017-12-21 11:27:11^
^adc920f4cbfa739803058c663a4a00b9^	^26a4b96292b6517da44388ce4d16abd3^	^1^	^1^	^index.php?cl=details&amp;anid=adc920f4cbfa739803058c663a4a00b9&amp;cnid=0f4f08358666c54b4fde3d83d2b7ef04^	^en/Kiteboarding/Kiteboards/Kiteboard-FLYBOARDS-FLYWAVE-2010.html^	^oxarticle^	^0^	^0^	^0f4f08358666c54b4fde3d83d2b7ef04^	^2018-09-19 11:41:20^
^c4241316b2e5c1966.96997012^	^28314d26c3e79a04191bb5f24c67a8b6^	^1^	^0^	^index.php?cl=content&amp;oxloadid=oxhelpdefault&amp;oxcid=c4241316b2e5c1966.96997012^	^Hilfe-Main/^	^oxcontent^	^0^	^0^	^^	^2017-12-21 11:27:11^
^dc5ffdf380e15674b56dd562a7cb6aec^	^29120c93a630b3d15913f1bbcf7201ba^	^1^	^1^	^index.php?cl=details&amp;anid=dc5ffdf380e15674b56dd562a7cb6aec&amp;cnid=fad4d7e2b47d87bb6a2773d93d4ae9be^	^en/Gear/Fashion/Accessories/Kuyichi-leather-belt-JEVER.html^	^oxarticle^	^0^	^0^	^fad4d7e2b47d87bb6a2773d93d4ae9be^	^2018-11-22 17:08:24^
^965acb9a653478a186e55468c6df7406^	^295d6617dc22b6d8186667ecd6e3ae87^	^1^	^0^	^index.php?cl=clearcookies^	^cookies/^	^static^	^0^	^0^	^^	^2017-12-21 11:27:11^
^f4fc98f99e3660bd2ecd7450f832c41a^	^2a192bb8c23278a96007a6b4684370c3^	^1^	^1^	^index.php?cl=details&amp;anid=f4fc98f99e3660bd2ecd7450f832c41a&amp;cnid=fada9485f003c731b7fad08b873214e0^	^en/Gear/Sportswear/Neoprene/Suits/Wetsuit-NPX-ASSASSIN.html^	^oxarticle^	^0^	^0^	^fada9485f003c731b7fad08b873214e0^	^2017-12-21 11:27:11^
^fad181ad64642b955becd0759345161e^	^2b497d7677a79fe15a230097a40100ad^	^1^	^0^	^index.php?cl=alist&amp;cnid=fad181ad64642b955becd0759345161e^	^Bekleidung/Fashion/^	^oxcategory^	^0^	^0^	^^	^2017-12-21 11:27:11^
^fadc492a5807c56eb80b0507accd756b^	^2c8af9bc6bf0373f5cfb18b63169f585^	^1^	^0^	^index.php?cl=details&amp;anid=fadc492a5807c56eb80b0507accd756b&amp;cnid=0f4fb00809cec9aa0910aa9c8fe36751^	^Kiteboarding/Kites/Kite-SPLEENE-SP-X-2010.html^	^oxarticle^	^0^	^0^	^0f4fb00809cec9aa0910aa9c8fe36751^	^2017-12-21 11:27:11^
^fad4d7e2b47d87bb6a2773d93d4ae9be^	^2e5ebd9a65c554bd726c37fad9d01db6^	^1^	^1^	^index.php?cl=alist&amp;cnid=fad4d7e2b47d87bb6a2773d93d4ae9be^	^en/Gear/Fashion/Accessories/^	^oxcategory^	^0^	^0^	^^	^2018-11-22 17:08:24^
^dc5b9cfeb5bd96fdbd9b4e43974661a1^	^30013f25324d83589094d4bdbb8bda60^	^1^	^0^	^index.php?cl=details&amp;anid=dc5b9cfeb5bd96fdbd9b4e43974661a1&amp;cnid=0f4fb00809cec9aa0910aa9c8fe36751^	^Kiteboarding/Kites/Kite-FLYSURFER-SPEED3.html^	^oxarticle^	^0^	^0^	^0f4fb00809cec9aa0910aa9c8fe36751^	^2017-12-21 11:27:11^
^7f9c8d50259c8b2298eb7f105d2d2bb4^	^304055f1acd1c4301c11be91a962f622^	^1^	^0^	^index.php?cl=tag&amp;searchtag=kite^	^tag/kite/^	^dynamic^	^0^	^0^	^^	^2017-12-21 11:27:11^
^oiaf6ab7e12e86291e86dd3ff891fe40^	^31218a8f34693b5a97fdd332c914305c^	^1^	^1^	^index.php?cl=manufacturerlist&amp;mnid=oiaf6ab7e12e86291e86dd3ff891fe40^	^en/By-Manufacturer/O-Reilly/^	^oxmanufacturer^	^0^	^0^	^^	^2017-12-21 11:27:11^
^d86e244c8114c8214fbf83da8d6336b3^	^320c2e054febe7cd54b8c244c6e09ea9^	^1^	^0^	^index.php?cl=details&amp;anid=d86e244c8114c8214fbf83da8d6336b3&amp;cnid=0f4270b89fbef1481958381410a0dbca^	^Wakeboarding/Wakeboards/Wakeboard-LIQUID-FORCE-SHANE-2010.html^	^oxarticle^	^0^	^0^	^0f4270b89fbef1481958381410a0dbca^	^2017-12-21 11:27:11^
^7e23127b62592312ecec706748287342^	^3253ddf327642a629c621abbc1dc74ad^	^1^	^0^	^index.php?cl=tag&amp;searchtag=kiteboard^	^tag/kiteboard/^	^dynamic^	^0^	^0^	^^	^2017-12-21 11:27:11^
^f0ddcc1118c00c141b8ac26d471506ee^	^33c8dfdf78b7ba49190f516cb00778a9^	^1^	^0^	^index.php?cl=tag&amp;searchtag=liquid%20force^	^tag/liquid-force/^	^dynamic^	^0^	^0^	^^	^2017-12-21 11:27:11^
^f41427a07519469f1.34718981^	^34191c32cedbe8832d6aebb58b4555b3^	^1^	^1^	^index.php?cl=content&amp;oxloadid=oxdeliveryinfo&amp;oxcid=f41427a07519469f1.34718981^	^en/Shipping-and-Charges/^	^oxcontent^	^0^	^0^	^^	^2017-12-21 11:27:11^
^f4f0cb3606e231c3fdb34fcaee2d6d04^	^343fc6bedfc98f3c8b6537f3fc4b2f3c^	^1^	^1^	^index.php?cl=details&amp;anid=f4f0cb3606e231c3fdb34fcaee2d6d04&amp;cnid=0f4fb00809cec9aa0910aa9c8fe36751^	^en/Kiteboarding/Kites/Kite-LIQUID-FORCE-ENVY.html^	^oxarticle^	^0^	^0^	^0f4fb00809cec9aa0910aa9c8fe36751^	^2018-11-20 15:33:35^
^e6ca052eb53edd8ce0774c675d5a630a^	^351ac1d54ebfe7649aa3f25b49fa631b^	^1^	^0^	^index.php?cl=tag&amp;searchtag=oxid^	^tag/oxid/^	^dynamic^	^0^	^0^	^^	^2017-12-21 11:27:11^
^f4f73033cf5045525644042325355732^	^353801c68b6aeefc62533c819ebad3e6^	^1^	^1^	^index.php?cl=details&amp;anid=f4f73033cf5045525644042325355732&amp;cnid=fadcb6dd70b9f6248efa425bd159684e^	^en/Special-Offers/Transport-container-BARREL.html^	^oxarticle^	^0^	^0^	^fadcb6dd70b9f6248efa425bd159684e^	^2017-12-21 11:27:11^
^f41427a099a603773.44301043^	^36152357000b7b33d50feadcd8838e05^	^1^	^0^	^index.php?cl=content&amp;oxloadid=oxsecurityinfo&amp;oxcid=f41427a099a603773.44301043^	^Datenschutz/^	^oxcontent^	^0^	^0^	^^	^2017-12-21 11:27:11^
^5703b4628d94efe9d263f997e252ce7b^	^38b54bdcfbc6e1a021113520e9bd7391^	^1^	^0^	^index.php?cl=tag&amp;searchtag=kiteboarding^	^tag/kiteboarding/^	^dynamic^	^0^	^0^	^^	^2017-12-21 11:27:11^
^fad569d6659caca39bc93e98d13dd58b^	^39efbe5c0748edd0c8280e8cacb6fc65^	^1^	^0^	^index.php?cl=alist&amp;cnid=fad569d6659caca39bc93e98d13dd58b^	^Bekleidung/Sportswear/^	^oxcategory^	^0^	^0^	^^	^2017-12-21 11:27:11^
^adcb9deae73557006a8ac748f45288b4^	^3a3a103a70d381389c8ea1949d35d236^	^1^	^0^	^index.php?cl=details&amp;anid=adcb9deae73557006a8ac748f45288b4&amp;cnid=fc7e7bd8403448f00a363f60f44da8f2^	^Kiteboarding/Zubehoer/Helm-AHM-5000.html^	^oxarticle^	^0^	^0^	^fc7e7bd8403448f00a363f60f44da8f2^	^2017-12-21 11:27:11^
^e56acdd347b0516f68a0afdd811e2382^	^3a41965fb36fb45df7f4f9a4377f6364^	^1^	^1^	^index.php?cl=newsletter^	^en/newsletter/^	^static^	^0^	^0^	^^	^2017-12-21 11:27:11^
^ab459c0dc911137e9cc024d9fba5a68b^	^3bdd64bd8073d044d8fd60334ed9b725^	^1^	^1^	^index.php?cl=start^	^en/home/^	^static^	^0^	^0^	^^	^2017-12-21 11:27:11^
^2eb46767947d21851.22681675^	^3e2a46c6550d9f8ec5a7f3216d023db2^	^1^	^1^	^index.php?cl=content&amp;oxloadid=oximpressum&amp;oxcid=2eb46767947d21851.22681675^	^en/About-Us/^	^oxcontent^	^0^	^0^	^^	^2017-12-21 11:27:11^
^23bb56af6535b15e311bf1bab27e127f^	^3e3958956b9e7592f9c592ebebddcd81^	^1^	^1^	^?cl=rss&amp;fnc=catarts&amp;cat=943173edecf6d6870a0f357b8ac84d32^	^en/rss/Category/Wakeboarding/^	^dynamic^	^0^	^0^	^^	^2018-11-22 14:37:09^
^b563ab240dc19b89fc0349866b2be9c0^	^3efba184d0cd1dd63b3871e7a3cec241^	^1^	^1^	^index.php?cl=details&amp;anid=b563ab240dc19b89fc0349866b2be9c0&amp;cnid=d86779840626d3ab8263b62db85df3f0^	^en/Gear/Fashion/For-Her/Shirts-Co/Kuyichi-1-2-Sleeve-Shirt.html^	^oxarticle^	^0^	^0^	^d86779840626d3ab8263b62db85df3f0^	^2018-11-22 13:16:24^
^531b537118f5f4d7a427cdb825440922^	^3fb2c91d6e280d94434e39a09ff34bfe^	^1^	^1^	^index.php?cl=details&amp;anid=531b537118f5f4d7a427cdb825440922&amp;cnid=d863b76c6bb90a970a5577adf890e8cd^	^en/Gear/Fashion/For-Her/Jeans/Kuyichi-Jeans-ANNA.html^	^oxarticle^	^0^	^0^	^d863b76c6bb90a970a5577adf890e8cd^	^2017-12-21 11:27:11^
^a0d08186b4acf7fccb78ca3d3e8f62ae^	^40623cdae404c0bd01a5de02abf4167a^	^1^	^1^	^?cl=rss&amp;fnc=catarts&amp;cat=0f4fb00809cec9aa0910aa9c8fe36751^	^en/rss/Category/Kites/^	^dynamic^	^0^	^0^	^^	^2018-11-20 15:33:35^
^fada9485f003c731b7fad08b873214e0^	^4146c8e9efd6d876bcc5679f0fa79895^	^1^	^0^	^index.php?cl=alist&amp;cnid=fada9485f003c731b7fad08b873214e0^	^Bekleidung/Sportswear/Neopren/Anzuege/^	^oxcategory^	^0^	^0^	^^	^2017-12-21 11:27:11^
^d86f775338da3228bec9e968f02e7551^	^417c6150aea20ab566e95581e15fda62^	^1^	^1^	^index.php?cl=details&amp;anid=d86f775338da3228bec9e968f02e7551&amp;cnid=fc7e7bd8403448f00a363f60f44da8f2^	^en/Kiteboarding/Supplies/Kite-lines-VECTOR-QUAD-PRO.html^	^oxarticle^	^0^	^0^	^fc7e7bd8403448f00a363f60f44da8f2^	^2018-11-20 19:10:51^
^6b63f459c781fa42edeb889242304014^	^42b8276c576aff71cd7c7a8b11e7ecd5^	^1^	^1^	^index.php?cl=details&amp;anid=6b63f459c781fa42edeb889242304014&amp;cnid=d86779840626d3ab8263b62db85df3f0^	^en/Gear/Fashion/For-Her/Shirts-Co/Stewart-Brown-Organic-Pima-Edged-Lengthen.html^	^oxarticle^	^0^	^0^	^d86779840626d3ab8263b62db85df3f0^	^2018-11-20 20:10:04^
^3a909e7c886063857e86982c7a3c5b84^	^43f80b7632ef976322d8385b78acab04^	^1^	^1^	^index.php?cl=manufacturerlist&amp;mnid=3a909e7c886063857e86982c7a3c5b84^	^en/By-Manufacturer/Mauirippers/^	^oxmanufacturer^	^0^	^0^	^^	^2017-12-21 11:27:11^
^90a3eccf9d7121a9ca7d659f29021b7a^	^44d07810b897a415dee6584e57bda35d^	^1^	^0^	^index.php?cl=manufacturerlist&amp;mnid=90a3eccf9d7121a9ca7d659f29021b7a^	^Nach-Hersteller/Cabrinha/^	^oxmanufacturer^	^0^	^0^	^^	^2017-12-21 11:27:11^
^695accb0dcfef648574b196d10b3f4d2^	^460399b972f16b0f3062af7c6ff3c129^	^1^	^1^	^?cl=rss&amp;fnc=catarts&amp;cat=30e44ab83fdee7564.23264141^	^en/rss/Category/Gear/^	^dynamic^	^0^	^0^	^^	^2018-11-23 16:24:55^
^dc5480c47d8cd5a9eab9da5db9159cc6^	^461c2391152bccc134952eeb63d2878c^	^1^	^1^	^index.php?cl=details&amp;anid=dc5480c47d8cd5a9eab9da5db9159cc6&amp;cnid=0f4fb00809cec9aa0910aa9c8fe36751^	^en/Kiteboarding/Kites/Kite-RRD-PASSION-2009.html^	^oxarticle^	^0^	^0^	^0f4fb00809cec9aa0910aa9c8fe36751^	^2018-11-20 15:33:35^
^6b66d82af984e5ad46b9cb27b1ef8aae^	^4636c0f3ae750259108ad509f333313b^	^1^	^1^	^index.php?cl=details&amp;anid=6b66d82af984e5ad46b9cb27b1ef8aae&amp;cnid=d863b76c6bb90a970a5577adf890e8cd^	^en/Gear/Fashion/For-Her/Jeans/Kuyichi-Jeans-SUGAR.html^	^oxarticle^	^0^	^0^	^d863b76c6bb90a970a5577adf890e8cd^	^2018-11-20 20:10:04^
^fc7e7bd8403448f00a363f60f44da8f2^	^47cbafc83f8ba61fdf1e30406bcb33b7^	^1^	^1^	^index.php?cl=alist&amp;cnid=fc7e7bd8403448f00a363f60f44da8f2^	^en/Kiteboarding/Supplies/^	^oxcategory^	^0^	^0^	^^	^2017-12-21 11:27:11^
^f1ff5b60ac4908ecc06b9244bd1d3544^	^492b9ea7903fb667d202e8fa9382c96b^	^1^	^0^	^index.php?cl=tag&amp;searchtag=gerade^	^tag/gerade/^	^dynamic^	^0^	^0^	^^	^2017-12-21 11:27:11^
^efaf9266cf7de3a8c84cea167285eb83^	^4a70a4cd11d63fdce96fbe4ba8e714e6^	^1^	^1^	^index.php?cnid=oxmore&amp;cl=alist^	^en/more/^	^static^	^0^	^0^	^^	^2017-12-21 11:27:11^
^f4fe754e1692b9f79f2a7b1a01bb8dee^	^4a7eabd1b367bf01f2a9c51e74b00a4e^	^1^	^0^	^index.php?cl=details&amp;anid=f4fe754e1692b9f79f2a7b1a01bb8dee&amp;cnid=0f4f08358666c54b4fde3d83d2b7ef04^	^Kiteboarding/Kiteboards/Kiteboard-RRD-TOXIC-WAVE2.html^	^oxarticle^	^0^	^0^	^0f4f08358666c54b4fde3d83d2b7ef04^	^2017-12-21 11:27:11^
^adc566c366db8eaf30c6c124a09e82b3^	^4bee6bb7cd59c8a80c1dfe1ec0bef153^	^1^	^1^	^index.php?cl=manufacturerlist&amp;mnid=adc566c366db8eaf30c6c124a09e82b3^	^en/By-Manufacturer/Core-Kiteboarding/^	^oxmanufacturer^	^0^	^0^	^^	^2017-12-21 11:27:11^
^efaf9266cf7de3a8c84cea167285eb83^	^4d3d4d70b09b5d2bd992991361374c67^	^1^	^0^	^index.php?cnid=oxmore&amp;cl=alist^	^mehr/^	^static^	^0^	^0^	^^	^2017-12-21 11:27:11^
^oiaa81b5e002fc2f73b9398c361c0b97^	^4d5580eb335684f3728fdbf920a32b34^	^1^	^1^	^index.php?cl=details&amp;anid=oiaa81b5e002fc2f73b9398c361c0b97&amp;cnid=oia9ff5c96f1f29d527b61202ece0829^	^en/Downloads/Online-shops-with-OXID-eShop.html^	^oxarticle^	^0^	^0^	^oia9ff5c96f1f29d527b61202ece0829^	^2017-12-21 11:27:11^
^d86f775338da3228bec9e968f02e7551^	^4d91b1c6f743483e5ebc6e6016ca68c3^	^1^	^0^	^index.php?cl=details&amp;anid=d86f775338da3228bec9e968f02e7551&amp;cnid=fc7e7bd8403448f00a363f60f44da8f2^	^Kiteboarding/Zubehoer/Kite-Leinen-VECTOR-QUAD-PRO.html^	^oxarticle^	^0^	^0^	^fc7e7bd8403448f00a363f60f44da8f2^	^2017-12-21 11:27:11^
^d861ad687c60820255dbf8f88516f24d^	^4dfbc85bc8b5be190a968659fe6f6b3e^	^1^	^1^	^index.php?cl=details&amp;anid=d861ad687c60820255dbf8f88516f24d&amp;cnid=fc7e7bd8403448f00a363f60f44da8f2^	^en/Kiteboarding/Supplies/Pump-CABRINHA-INFLATION-2011.html^	^oxarticle^	^0^	^0^	^fc7e7bd8403448f00a363f60f44da8f2^	^2017-12-21 11:27:11^
^59cc1c0a6f2601dfaf19f4af136d085e^	^4e0d67dca62a2e43e197df72b2111774^	^1^	^1^	^?cl=rss&amp;fnc=catarts&amp;cat=fc7e7bd8403448f00a363f60f44da8f2^	^en/rss/Category/Supplies/^	^dynamic^	^0^	^0^	^^	^2018-11-22 13:16:09^
^d86d90e4b441aa3f0004dcda5ba5bb38^	^4fdea5daf3ed4b8eba88f9ae0fee98a3^	^1^	^1^	^index.php?cl=alist&amp;cnid=d86d90e4b441aa3f0004dcda5ba5bb38^	^en/Wakeboarding/Sets/^	^oxcategory^	^0^	^0^	^^	^2017-12-21 11:27:11^
^0f41a4463b227c437f6e6bf57b1697c4^	^5058602f4de4f5c7c348a9300bbd98ad^	^1^	^1^	^index.php?cl=alist&amp;cnid=0f41a4463b227c437f6e6bf57b1697c4^	^en/Kiteboarding/Harnesses/^	^oxcategory^	^0^	^0^	^^	^2017-12-21 11:27:11^
^18f64cbbc296a32fb84b3bbe31dfed09^	^510fef34e5d9b86f6a77af949d15950e^	^1^	^1^	^index.php?cl=account^	^en/my-account/^	^static^	^0^	^0^	^^	^2017-12-21 11:27:11^
^oiaa81b5e002fc2f73b9398c361c0b97^	^530d5a39924776f610a1d7e292e66434^	^1^	^0^	^index.php?cl=details&amp;anid=oiaa81b5e002fc2f73b9398c361c0b97&amp;cnid=oia9ff5c96f1f29d527b61202ece0829^	^Downloads/Online-Shops-mit-OXID-eShop.html^	^oxarticle^	^0^	^0^	^oia9ff5c96f1f29d527b61202ece0829^	^2017-12-21 11:27:11^
^ace1e168a1e8183a2aa79c2243171a29^	^5668048844927ca2767140c219e04efc^	^1^	^1^	^index.php?cl=account_user^	^en/my-address/^	^static^	^0^	^0^	^^	^2017-12-21 11:27:11^
^0f40c6a077b68c21f164767c4a903fd2^	^568e25f2f338e5d993dbd26b7cea78c5^	^1^	^1^	^index.php?cl=alist&amp;cnid=0f40c6a077b68c21f164767c4a903fd2^	^en/Wakeboarding/Bindings/^	^oxcategory^	^0^	^0^	^^	^2017-12-21 11:27:11^
^fada9485f003c731b7fad08b873214e0^	^59e8f38f9b5ae02674b8992affd5a1e0^	^1^	^1^	^index.php?cl=alist&amp;cnid=fada9485f003c731b7fad08b873214e0^	^en/Gear/Sportswear/Neoprene/Suits/^	^oxcategory^	^0^	^0^	^^	^2017-12-21 11:27:11^
^d861ad687c60820255dbf8f88516f24d^	^5a4e41ca6c6c99cd6d1e3db2f3301305^	^1^	^0^	^index.php?cl=details&amp;anid=d861ad687c60820255dbf8f88516f24d&amp;cnid=fc7e7bd8403448f00a363f60f44da8f2^	^Kiteboarding/Zubehoer/Pumpe-CABRINHA-INFLATION-2011.html^	^oxarticle^	^0^	^0^	^fc7e7bd8403448f00a363f60f44da8f2^	^2017-12-21 11:27:11^
^4c6f0e0e65145c06b6d30a301798f6b7^	^5bb0791a15c9be6d37e045a22af8b6cf^	^1^	^0^	^index.php?cl=tag&amp;searchtag=l%C3%A4ssig^	^tag/laessig/^	^dynamic^	^0^	^0^	^^	^2017-12-21 11:27:11^
^0f4fb00809cec9aa0910aa9c8fe36751^	^5c17b101c59ab3431f4609783f9a5e23^	^1^	^0^	^index.php?cl=alist&amp;cnid=0f4fb00809cec9aa0910aa9c8fe36751^	^Kiteboarding/Kites/^	^oxcategory^	^0^	^0^	^^	^2017-12-21 11:27:11^
^0563ce7f6a400737ce0e1c2b2c733e49^	^5cc081514a72b0ce3d7eec4fb1e6f1dd^	^1^	^1^	^index.php?cl=forgotpwd^	^en/forgot-password/^	^static^	^0^	^0^	^^	^2017-12-21 11:27:11^
^f6bd7f77caae70afad276584caa6450a^	^5d752e9e8302eeb21df24d1aee573234^	^1^	^0^	^index.php?cl=wishlist^	^wunschzettel/^	^static^	^0^	^0^	^^	^2017-12-21 11:27:11^
^6d9b5b3ee58bca1bd7be188f71e80ef2^	^5eb126725ba500e6bbf1aecaa876dc48^	^1^	^1^	^index.php?cl=review^	^en/product-review/^	^static^	^0^	^0^	^^	^2017-12-21 11:27:11^
^d863b76c6bb90a970a5577adf890e8cd^	^6007566acc39faf53e1e3fccd28b9783^	^1^	^1^	^index.php?cl=alist&amp;cnid=d863b76c6bb90a970a5577adf890e8cd^	^en/Gear/Fashion/For-Her/Jeans/^	^oxcategory^	^0^	^0^	^^	^2017-12-21 11:27:11^
^9774bb599fe82052f573cdb9f16af228^	^60a53a105fed9c486153f46156377438^	^1^	^0^	^index.php?cl=tag&amp;searchtag=protection^	^tag/protection/^	^dynamic^	^0^	^0^	^^	^2017-12-21 11:27:11^
^74968c71ac7f04eff4080c086b6fd728^	^62ce1fee13db879fb52fe71987ab3bbf^	^1^	^0^	^index.php?cl=tag&amp;searchtag=kuyichi^	^tag/kuyichi/^	^dynamic^	^0^	^0^	^^	^2017-12-21 11:27:11^
^943ed656e21971fb2f1827facbba9bec^	^62f4156344e2b4499ff30e24468f2466^	^1^	^1^	^index.php?cl=details&amp;anid=943ed656e21971fb2f1827facbba9bec&amp;cnid=d8665fef35f4d528e92c3d664f4a00c0^	^en/Gear/Fashion/For-Him/Jeans/Kuyichi-Jeans-MICK.html^	^oxarticle^	^0^	^0^	^d8665fef35f4d528e92c3d664f4a00c0^	^2018-11-22 13:16:24^
^56ebd65f4a7cc25de1dc1f7cf15591fb^	^637daadf1eaad2b9641333c2b1572883^	^1^	^0^	^index.php?cl=news^	^news/^	^static^	^0^	^0^	^^	^2017-12-21 11:27:11^
^f4f0cb3606e231c3fdb34fcaee2d6d04^	^63f47453a4ae5374b049689534b7f231^	^1^	^0^	^index.php?cl=details&amp;anid=f4f0cb3606e231c3fdb34fcaee2d6d04&amp;cnid=0f4fb00809cec9aa0910aa9c8fe36751^	^Kiteboarding/Kites/Kite-LIQUID-FORCE-ENVY.html^	^oxarticle^	^0^	^0^	^0f4fb00809cec9aa0910aa9c8fe36751^	^2017-12-21 11:27:11^
^ab139393a9ff9d3cbb041deb9c393a06^	^644b2b03c16ebbf6ad0c75b286839d9a^	^1^	^1^	^?cl=rss&amp;fnc=catarts&amp;cat=d86d90e4b441aa3f0004dcda5ba5bb38^	^en/rss/Category/Sets/^	^dynamic^	^0^	^0^	^^	^2018-11-22 13:26:30^
^f4f2d8eee51b0fd5eb60a46dff1166d8^	^65e0ff94a69e72dd78c4235b0ce2d948^	^1^	^1^	^index.php?cl=details&amp;anid=f4f2d8eee51b0fd5eb60a46dff1166d8&amp;cnid=0f41a4463b227c437f6e6bf57b1697c4^	^en/Kiteboarding/Harnesses/Harness-SOL-KITE.html^	^oxarticle^	^0^	^0^	^0f41a4463b227c437f6e6bf57b1697c4^	^2017-12-21 11:27:11^
^f4fe052346b4ec271011e25c052682c5^	^663af85e96cf26cf44ecd08c67eb458d^	^1^	^0^	^index.php?cl=details&amp;anid=f4fe052346b4ec271011e25c052682c5&amp;cnid=0f4fb00809cec9aa0910aa9c8fe36751^	^Kiteboarding/Kites/Kite-CORE-GT.html^	^oxarticle^	^0^	^0^	^0f4fb00809cec9aa0910aa9c8fe36751^	^2017-12-21 11:27:11^
^d8665fef35f4d528e92c3d664f4a00c0^	^68940c40a4c96e66f21a908c15366c11^	^1^	^1^	^index.php?cl=alist&amp;cnid=d8665fef35f4d528e92c3d664f4a00c0^	^en/Gear/Fashion/For-Him/Jeans/^	^oxcategory^	^0^	^0^	^^	^2018-11-20 20:10:04^
^90a3eccf9d7121a9ca7d659f29021b7a^	^694d3848062bffcbf0116cba48543331^	^1^	^1^	^index.php?cl=manufacturerlist&amp;mnid=90a3eccf9d7121a9ca7d659f29021b7a^	^en/By-Manufacturer/Cabrinha/^	^oxmanufacturer^	^0^	^0^	^^	^2017-12-21 11:27:11^
^6381472292282065de36a7e89e1783d9^	^6991dd2701d4e53f9549b1a373828a4b^	^1^	^0^	^index.php?cl=tag&amp;searchtag=jeans^	^tag/jeans/^	^dynamic^	^0^	^0^	^^	^2017-12-21 11:27:11^
^880d8f98c46d62a344515c56e818eadf^	^6a641a2059954005a255163ab2181f65^	^1^	^1^	^?cl=rss&amp;fnc=catarts&amp;cat=fadcb6dd70b9f6248efa425bd159684e^	^en/rss/Category/Special-Offers/^	^dynamic^	^0^	^0^	^^	^2018-11-22 14:46:50^
^f560b18b547bca23752a154b45120980^	^6b30b01fe01b80894efc0f29610e5215^	^1^	^0^	^index.php?cl=account_password^	^mein-passwort/^	^static^	^0^	^0^	^^	^2017-12-21 11:27:11^
^f560b18b547bca23752a154b45120980^	^6c890ac1255a99f8d1eb46f1193843d6^	^1^	^1^	^index.php?cl=account_password^	^en/my-password/^	^static^	^0^	^0^	^^	^2017-12-21 11:27:11^
^b5666b6d4bcb67c61dee4887bfba8351^	^6e7d769583f23401a4972ee9418bd0ae^	^1^	^1^	^index.php?cl=details&amp;anid=b5666b6d4bcb67c61dee4887bfba8351&amp;cnid=0f4fb00809cec9aa0910aa9c8fe36751^	^en/Kiteboarding/Kites/Kite-CORE-RIOT-XR.html^	^oxarticle^	^0^	^0^	^0f4fb00809cec9aa0910aa9c8fe36751^	^2018-11-20 15:33:35^
^f33d5bcc7135908fd36fc736c643aa1c^	^6ec0a8c93a490f3d70dd4a966fd9344c^	^1^	^1^	^index.php?cl=details&amp;anid=f33d5bcc7135908fd36fc736c643aa1c&amp;cnid=fc7e7bd8403448f00a363f60f44da8f2^	^en/Kiteboarding/Supplies/KiteFix-Glue-GLUFIX-30g.html^	^oxarticle^	^0^	^0^	^fc7e7bd8403448f00a363f60f44da8f2^	^2018-11-23 16:25:03^
^6b9408d455f8e3f7976cafdfee4af886^	^702b262d137db8b40ebdeaa049190eb2^	^1^	^0^	^?cl=rss&amp;fnc=searcharts^	^rss/Suche/^	^dynamic^	^0^	^0^	^^	^2017-12-21 11:27:11^
^f41427a099a603773.44301043^	^70e92b5b1eb44b87f63e76a517935383^	^1^	^1^	^index.php?cl=content&amp;oxloadid=oxsecurityinfo&amp;oxcid=f41427a099a603773.44301043^	^en/Privacy-Policy/^	^oxcontent^	^0^	^0^	^^	^2017-12-21 11:27:11^
^3a97c94553428daed76ba83e54d3876f^	^72dce378114a143e848aef67d0ae28d7^	^1^	^0^	^index.php?cl=manufacturerlist&amp;mnid=3a97c94553428daed76ba83e54d3876f^	^Nach-Hersteller/Big-Matsol/^	^oxmanufacturer^	^0^	^0^	^^	^2017-12-21 11:27:11^
^4228fda22241fdd7c7d4508873518614^	^7312e780d1936d23ec5ed21da6d41c78^	^1^	^0^	^index.php?cl=tag&amp;searchtag=download^	^tag/download/^	^dynamic^	^0^	^0^	^^	^2017-12-21 11:27:11^
^d8631f92ababb452139f222afb81cd36^	^73c634236db18b14f305d126ea895028^	^1^	^0^	^index.php?cl=details&amp;anid=d8631f92ababb452139f222afb81cd36&amp;cnid=0f4f08358666c54b4fde3d83d2b7ef04^	^Kiteboarding/Kiteboards/Kiteboard-NAISH-MOMENTUM.html^	^oxarticle^	^0^	^0^	^0f4f08358666c54b4fde3d83d2b7ef04^	^2017-12-21 11:27:11^
^fad21eb148918c8f4d9f0077fedff1ba^	^73f275d5f2f657bf4e58beb48cae984f^	^1^	^1^	^index.php?cl=details&amp;anid=fad21eb148918c8f4d9f0077fedff1ba&amp;cnid=0f4fb00809cec9aa0910aa9c8fe36751^	^en/Kiteboarding/Kites/Kite-LIQUID-FORCE-HAVOC.html^	^oxarticle^	^0^	^0^	^0f4fb00809cec9aa0910aa9c8fe36751^	^2018-11-20 20:09:39^
^c655bf0735fe3ff505bf8779b1163ab4^	^7455d5d377806b027c7645e712455af8^	^1^	^0^	^index.php?cl=tag&amp;searchtag=helm^	^tag/helm/^	^dynamic^	^0^	^0^	^^	^2017-12-21 11:27:11^
^adc6df0977329923a6330cc8f3c0a906^	^74ac133a0e9403952de061c9fd735449^	^1^	^0^	^index.php?cl=manufacturerlist&amp;mnid=adc6df0977329923a6330cc8f3c0a906^	^Nach-Hersteller/Liquid-Force/^	^oxmanufacturer^	^0^	^0^	^^	^2017-12-21 11:27:11^
^d94e81e53de13fce80191c29d99341f6^	^752a24a2c7cc1dd7dee1be2509535465^	^1^	^0^	^index.php?cl=tag&amp;searchtag=tr%C3%A4ger^	^tag/traeger/^	^dynamic^	^0^	^0^	^^	^2017-12-21 11:27:11^
^e7a0b1906e0d94e05693f06b0b6fcc32^	^7588c212b22a593a7fdf4f4f041e49da^	^1^	^0^	^index.php?cl=recommlist&amp;recommid=e7a0b1906e0d94e05693f06b0b6fcc32^	^Empfehlungslisten/Kite-Equipment/^	^dynamic^	^0^	^0^	^^	^2017-12-21 11:27:11^
^69d55c75369b5739d94487d19ceb507f^	^7676d0db7abb1d99728ede524054de78^	^1^	^1^	^?cl=rss&amp;fnc=catarts&amp;cat=fad181ad64642b955becd0759345161e^	^en/rss/Category/Fashion/^	^dynamic^	^0^	^0^	^^	^2018-11-22 13:16:24^
^04abcb465a8d3a4441df4c480838d23d^	^7685924d3f3fb7e9bda421c57f665af4^	^1^	^1^	^index.php?cl=contact^	^en/contact/^	^static^	^0^	^0^	^^	^2017-12-21 11:27:11^
^54e6cb217a77ff2904e54577904eeea8^	^77be6af44a337f2950d5e142076198a9^	^1^	^0^	^index.php?cl=tag&amp;searchtag=shirt^	^tag/shirt/^	^dynamic^	^0^	^0^	^^	^2017-12-21 11:27:11^
^7373e335b94344af806493daf6d5c734^	^7c52709ac554016d32f50bdf812d5eed^	^1^	^0^	^index.php?cl=tag&amp;searchtag=longsleeve^	^tag/longsleeve/^	^dynamic^	^0^	^0^	^^	^2017-12-21 11:27:11^
^943a9ba3050e78b443c16e043ae60ef3^	^808c19aa67a003b44ebc0745a0e44973^	^1^	^0^	^index.php?cl=alist&amp;cnid=943a9ba3050e78b443c16e043ae60ef3^	^Kiteboarding/^	^oxcategory^	^0^	^0^	^^	^2017-12-21 11:27:11^
^fad2d80baf7aca6ac54e819e066f24aa^	^81a7e91d25d729ebb72b06ce883b55c1^	^1^	^1^	^index.php?cl=alist&amp;cnid=fad2d80baf7aca6ac54e819e066f24aa^	^en/Gear/Sportswear/Neoprene/^	^oxcategory^	^0^	^0^	^^	^2017-12-21 11:27:11^
^c4241316b2e5c1966.96997012^	^81f0689517088802fef61d4cc9f1d48f^	^1^	^1^	^index.php?cl=content&amp;oxloadid=oxhelpdefault&amp;oxcid=c4241316b2e5c1966.96997012^	^en/Help-Main/^	^oxcontent^	^0^	^0^	^^	^2017-12-21 11:27:11^
^2e17757c0aaf8ed9ef2ba30317fa1faf^	^82dd672d68d8f6c943f98ccdaecda691^	^1^	^0^	^index.php?cl=suggest^	^empfehlen/^	^static^	^0^	^0^	^^	^2017-12-21 11:27:11^
^dc5ec524a9aa6175cf7a498d70ce510a^	^83c2a9997f022c249da68174f2cc5746^	^1^	^0^	^index.php?cl=manufacturerlist&amp;mnid=dc5ec524a9aa6175cf7a498d70ce510a^	^Nach-Hersteller/NPX/^	^oxmanufacturer^	^0^	^0^	^^	^2017-12-21 11:27:11^
^30e44ab83fdee7564.23264141^	^8506259ed2d13b3e586a039c080172ee^	^1^	^0^	^index.php?cl=alist&amp;cnid=30e44ab83fdee7564.23264141^	^Bekleidung/^	^oxcategory^	^0^	^0^	^^	^2017-12-21 11:27:11^
^3a9fd0ec4b41d001e770b1d2d7af3e73^	^858b366351dea6329ab39c5ca0d8cdbc^	^1^	^1^	^index.php?cl=manufacturerlist&amp;mnid=3a9fd0ec4b41d001e770b1d2d7af3e73^	^en/By-Manufacturer/Jucker-Hawaii/^	^oxmanufacturer^	^0^	^0^	^^	^2017-12-21 11:27:11^
^fad569d6659caca39bc93e98d13dd58b^	^861aff1effecb3d8dcb91d5b4471bcac^	^1^	^1^	^index.php?cl=alist&amp;cnid=fad569d6659caca39bc93e98d13dd58b^	^en/Gear/Sportswear/^	^oxcategory^	^0^	^0^	^^	^2017-12-21 11:27:11^
^18f64cbbc296a32fb84b3bbe31dfed09^	^89c5e6bf1b5441599c4815281debe8df^	^1^	^0^	^index.php?cl=account^	^mein-konto/^	^static^	^0^	^0^	^^	^2017-12-21 11:27:11^
^c71c50f5443d85b37a013420857e83e7^	^8afe769d3de8b5db0a872b23f959dd36^	^1^	^1^	^index.php?cl=download^	^en/download/^	^static^	^0^	^0^	^^	^2017-12-21 11:27:11^
^719feddbcd113141c69ba5417947c012^	^8b0e1946d328a40ce95efc801e18d946^	^1^	^0^	^index.php?cl=tag&amp;searchtag=o%20039%20reilley^	^tag/o-039-reilley/^	^dynamic^	^0^	^0^	^^	^2017-12-21 11:27:11^
^dc57391739360d306c8dfcb3a4295e19^	^8b506a9375a577eafabc122d387c44bb^	^1^	^0^	^index.php?cl=details&amp;anid=dc57391739360d306c8dfcb3a4295e19&amp;cnid=0f4fb00809cec9aa0910aa9c8fe36751^	^Kiteboarding/Kites/Kite-RRD-PASSION-2010.html^	^oxarticle^	^0^	^0^	^0f4fb00809cec9aa0910aa9c8fe36751^	^2017-12-21 11:27:11^
^0ff37f031805158243e8eb65da5b9793^	^8c3a5d2ed87effe6e70ede1f8e50b78c^	^1^	^0^	^index.php?cl=tag&amp;searchtag=pima^	^tag/pima/^	^dynamic^	^0^	^0^	^^	^2017-12-21 11:27:11^
^fad21eb148918c8f4d9f0077fedff1ba^	^8cccb364d7ab28e167446aab1006a08e^	^1^	^0^	^index.php?cl=details&amp;anid=fad21eb148918c8f4d9f0077fedff1ba&amp;cnid=0f4fb00809cec9aa0910aa9c8fe36751^	^Kiteboarding/Kites/Kite-LIQUID-FORCE-HAVOC.html^	^oxarticle^	^0^	^0^	^0f4fb00809cec9aa0910aa9c8fe36751^	^2017-12-21 11:27:11^
^b4f456183a66e6c53b1f3f7f476cf2ee^	^8d952a1fe47028a6f3fa142e92d27fd1^	^1^	^1^	^?cl=rss&amp;fnc=newarts^	^en/rss/OXID-eShop-4/Recent-products-in-shop/^	^dynamic^	^0^	^0^	^^	^2017-12-21 11:27:11^
^b7e822dee212a2fd5957259f89c1d8ea^	^8e05a6099411fe7680635d75911abc7c^	^1^	^0^	^index.php?cl=tag&amp;searchtag=anna^	^tag/anna/^	^dynamic^	^0^	^0^	^^	^2017-12-21 11:27:11^
^adc566c366db8eaf30c6c124a09e82b3^	^8e798a64d958dfa059c39093a5e43cda^	^1^	^0^	^index.php?cl=manufacturerlist&amp;mnid=adc566c366db8eaf30c6c124a09e82b3^	^Nach-Hersteller/Core-Kiteboarding/^	^oxmanufacturer^	^0^	^0^	^^	^2017-12-21 11:27:11^
^05c0f9a36dc4eaf3df528f0da18664d8^	^8e7ebaebb0a810576453082e1f8f2fa3^	^1^	^1^	^index.php?cl=account_recommlist^	^en/my-listmania-list/^	^static^	^0^	^0^	^^	^2017-12-21 11:27:11^
^dc57391739360d306c8dfcb3a4295e19^	^8eaf8246c17832de560d3386d577a6f8^	^1^	^1^	^index.php?cl=details&amp;anid=dc57391739360d306c8dfcb3a4295e19&amp;cnid=0f4fb00809cec9aa0910aa9c8fe36751^	^en/Kiteboarding/Kites/Kite-RRD-PASSION-2010.html^	^oxarticle^	^0^	^0^	^0f4fb00809cec9aa0910aa9c8fe36751^	^2018-11-20 15:33:35^
^531b537118f5f4d7a427cdb825440922^	^8fc93365244b15e6920edadedee25aff^	^1^	^0^	^index.php?cl=details&amp;anid=531b537118f5f4d7a427cdb825440922&amp;cnid=d863b76c6bb90a970a5577adf890e8cd^	^Bekleidung/Fashion/Fuer-Sie/Jeans/Kuyichi-Jeans-ANNA.html^	^oxarticle^	^0^	^0^	^d863b76c6bb90a970a5577adf890e8cd^	^2017-12-21 11:27:11^
^oia9ff5c96f1f29d527b61202ece0829^	^90595e7766505217d1549a1272f9ac5b^	^1^	^1^	^index.php?cl=alist&amp;cnid=oia9ff5c96f1f29d527b61202ece0829^	^en/Downloads/^	^oxcategory^	^0^	^0^	^^	^2017-12-21 11:27:11^
^3a97c94553428daed76ba83e54d3876f^	^91e2fb07e72d5fb483dda086c1bcff74^	^1^	^1^	^index.php?cl=manufacturerlist&amp;mnid=3a97c94553428daed76ba83e54d3876f^	^en/By-Manufacturer/Big-Matsol/^	^oxmanufacturer^	^0^	^0^	^^	^2017-12-21 11:27:11^
^61c5d6965b480012aabb3a6701254b75^	^9372b6be2d98021fb93302a6a34bfc8c^	^1^	^1^	^index.php?cl=recommlist^	^en/Recommendation-Lists/^	^static^	^0^	^0^	^^	^2017-12-21 11:27:11^
^root^	^9411d92bed92a131712b1f0f03d9fb42^	^1^	^1^	^index.php?cl=manufacturerlist&amp;mnid=root^	^en/By-Manufacturer/^	^oxmanufacturer^	^0^	^0^	^^	^2017-12-21 11:27:11^
^6bcedaf29a52e260a2819fa59f92fc7c^	^946eeafad25cd03fb25e399c84b5fa28^	^1^	^0^	^index.php?cl=tag&amp;searchtag=board^	^tag/board/^	^dynamic^	^0^	^0^	^^	^2017-12-21 11:27:11^
^343c043546b3d653647e75d2e246ce94^	^9508bb0d70121d49e4d4554c5b1af81d^	^1^	^0^	^index.php?cl=links^	^links/^	^static^	^0^	^0^	^^	^2017-12-21 11:27:11^
^dc55b2b2e633527f9a8b2408a032f28f^	^95294f2ac9796310dbde70db8e33c689^	^1^	^1^	^index.php?cl=details&amp;anid=dc55b2b2e633527f9a8b2408a032f28f&amp;cnid=fad4d7e2b47d87bb6a2773d93d4ae9be^	^en/Gear/Fashion/Accessories/Kuyichi-belt-JUNO.html^	^oxarticle^	^0^	^0^	^fad4d7e2b47d87bb6a2773d93d4ae9be^	^2018-11-22 17:08:24^
^f4fe754e1692b9f79f2a7b1a01bb8dee^	^95be3cda55f8f6ea4cc15d1620aff5df^	^1^	^1^	^index.php?cl=details&amp;anid=f4fe754e1692b9f79f2a7b1a01bb8dee&amp;cnid=0f4f08358666c54b4fde3d83d2b7ef04^	^en/Kiteboarding/Kiteboards/Kiteboard-RRD-TOXIC-WAVE2.html^	^oxarticle^	^0^	^0^	^0f4f08358666c54b4fde3d83d2b7ef04^	^2018-09-19 11:41:20^
^ed6a2b0b90cab3f60a2dfd1c91fceb77^	^9616cd5b26c8ae254c33d1c8e0f6e850^	^1^	^1^	^index.php?cl=details&amp;anid=ed6a2b0b90cab3f60a2dfd1c91fceb77&amp;cnid=d86fdf0d67bf76dc427aabd2e53e0a97^	^en/Gear/Sportswear/Neoprene/Shoes/Neoprene-shoe-ION-BALLISTIC-SLIPPER-1-5.html^	^oxarticle^	^0^	^0^	^d86fdf0d67bf76dc427aabd2e53e0a97^	^2018-11-22 13:16:17^
^b56597806428de2f58b1c6c7d3e0e093^	^98a6a19085d9b52a97582496fb80cb16^	^1^	^0^	^index.php?cl=details&amp;anid=b56597806428de2f58b1c6c7d3e0e093&amp;cnid=0f4fb00809cec9aa0910aa9c8fe36751^	^Kiteboarding/Kites/Kite-NBK-EVO-2010.html^	^oxarticle^	^0^	^0^	^0f4fb00809cec9aa0910aa9c8fe36751^	^2017-12-21 11:27:11^
^0d977314ac01a7760d000899979d4909^	^98aa7744316f83f72d59f6c1fd2db317^	^1^	^1^	^?cl=rss&amp;fnc=catarts&amp;cat=fad569d6659caca39bc93e98d13dd58b^	^en/rss/Category/Sportswear/^	^dynamic^	^0^	^0^	^^	^2018-11-22 13:16:17^
^ed6573c0259d6a6fb641d106dcb2faec^	^98e60f0b3223ef1a973d2063c237eec2^	^1^	^0^	^index.php?cl=details&amp;anid=ed6573c0259d6a6fb641d106dcb2faec&amp;cnid=0f4270b89fbef1481958381410a0dbca^	^Wakeboarding/Wakeboards/Wakeboard-LIQUID-FORCE-GROOVE-2010.html^	^oxarticle^	^0^	^0^	^0f4270b89fbef1481958381410a0dbca^	^2017-12-21 11:27:11^
^058e613db53d782adfc9f2ccb43c45fe^	^9965bdd4ff18cf4e3bb11281834f6c70^	^1^	^0^	^index.php?cl=details&amp;anid=058e613db53d782adfc9f2ccb43c45fe&amp;cnid=0f40c6a077b68c21f164767c4a903fd2^	^Wakeboarding/Bindungen/Bindung-O-BRIEN-DECADE-CT-2010.html^	^oxarticle^	^0^	^0^	^0f40c6a077b68c21f164767c4a903fd2^	^2017-12-21 11:27:11^
^d862abc1f98741797cf889eb4a9090ad^	^9ba0dc3daf4f3653770011147f7b70a4^	^1^	^1^	^index.php?cl=alist&amp;cnid=d862abc1f98741797cf889eb4a9090ad^	^en/Gear/Fashion/For-Him/Shirts-Co/^	^oxcategory^	^0^	^0^	^^	^2018-11-23 15:18:20^
^root^	^9d52dd3016f5f797bb7f86be69ed06eb^	^1^	^0^	^index.php?cl=manufacturerlist&amp;mnid=root^	^Nach-Hersteller/^	^oxmanufacturer^	^0^	^0^	^^	^2017-12-21 11:27:11^
^610f7fc243c7409cb5448b30029431fe^	^9ff5c21cbc84dbfe815013236e132baf^	^1^	^1^	^index.php?cl=account_order^	^en/order-history/^	^static^	^0^	^0^	^^	^2017-12-21 11:27:11^
^dc581d8a115035cbfb0223c9c736f513^	^a072906102c1a8fbc94ee1209aa01d06^	^1^	^1^	^index.php?cl=details&amp;anid=dc581d8a115035cbfb0223c9c736f513&amp;cnid=d862abc1f98741797cf889eb4a9090ad^	^en/Gear/Fashion/For-Him/Shirts-Co/Kuyichi-T-Shirt-TIGER.html^	^oxarticle^	^0^	^0^	^d862abc1f98741797cf889eb4a9090ad^	^2018-11-23 15:18:20^
^90a0b84564cde2394491df1c673b6aa0^	^a080a0622ad64fe032c7c2dde4282e41^	^1^	^0^	^index.php?cl=manufacturerlist&amp;mnid=90a0b84564cde2394491df1c673b6aa0^	^Nach-Hersteller/ION/^	^oxmanufacturer^	^0^	^0^	^^	^2017-12-21 11:27:11^
^b56764137ca959da9541bb28c1987d6c^	^a09e1de2d6d5b0c99395336be106e7ba^	^1^	^0^	^index.php?cl=details&amp;anid=b56764137ca959da9541bb28c1987d6c&amp;cnid=0f4fb00809cec9aa0910aa9c8fe36751^	^Kiteboarding/Kites/Kite-NBK-REBEL-2010.html^	^oxarticle^	^0^	^0^	^0f4fb00809cec9aa0910aa9c8fe36751^	^2017-12-21 11:27:11^
^6b63456b3abeeeccd9b085a76ffba1a3^	^a113c6d8d6487394c1b39fb7a5e09c31^	^1^	^1^	^index.php?cl=details&amp;anid=6b63456b3abeeeccd9b085a76ffba1a3&amp;cnid=d863b76c6bb90a970a5577adf890e8cd^	^en/Gear/Fashion/For-Her/Jeans/Kuyichi-Jeans-CANDY.html^	^oxarticle^	^0^	^0^	^d863b76c6bb90a970a5577adf890e8cd^	^2018-11-20 20:10:04^
^67c5bcf75ee346bd9566bce6c8^	^a150a7b6945213daa7f138e1a042cbb4^	^1^	^1^	^index.php?cl=credits&amp;oxcid=67c5bcf75ee346bd9566bce6c8^	^en/Credits/^	^oxcontent^	^1^	^0^	^^	^2017-12-21 11:27:11^
^98964bf04c7edae2d658c5f3b3233ca1^	^a1b330b85c6f51fd9b50b1eb19707d84^	^1^	^1^	^index.php?cl=register^	^en/open-account/^	^static^	^0^	^0^	^^	^2017-12-21 11:27:11^
^fadf5480dacc78a7a474f4b35f6abf55^	^a1da5ed568f523dafc731899af660bd4^	^1^	^0^	^index.php?cl=tag&amp;searchtag=cabrinha^	^tag/cabrinha/^	^dynamic^	^0^	^0^	^^	^2017-12-21 11:27:11^
^7bc8a506bbca225a2f95b6eac66020bf^	^a24b03f1a3f73c325a7647e6039e2359^	^1^	^0^	^index.php?cl=account_noticelist^	^mein-merkzettel/^	^static^	^0^	^0^	^^	^2017-12-21 11:27:11^
^dc5ec524a9aa6175cf7a498d70ce510a^	^a264ad8037e3563497413ad8f3d31fb8^	^1^	^1^	^index.php?cl=manufacturerlist&amp;mnid=dc5ec524a9aa6175cf7a498d70ce510a^	^en/By-Manufacturer/NPX/^	^oxmanufacturer^	^0^	^0^	^^	^2017-12-21 11:27:11^
^808ae62c201c0ade254953c5150fd288^	^a26bbb083c46cec156d2ca3d3298c8e8^	^1^	^0^	^index.php?cl=tag&amp;searchtag=locker^	^tag/locker/^	^dynamic^	^0^	^0^	^^	^2017-12-21 11:27:11^
^a031fedea35e8076e4c0ad96eea053fa^	^a2eff9eb0f7b343aeac48cbe62db855f^	^1^	^1^	^?cl=rss&amp;fnc=catarts&amp;cat=d863b76c6bb90a970a5577adf890e8cd^	^en/rss/Category/Jeans/^	^dynamic^	^0^	^0^	^^	^2018-11-22 17:08:43^
^61c5d6965b480012aabb3a6701254b75^	^a4e5995182ade3cf039800c0ec2d512d^	^1^	^0^	^index.php?cl=recommlist^	^Empfehlungslisten/^	^static^	^0^	^0^	^^	^2017-12-21 11:27:11^
^ed6573c0259d6a6fb641d106dcb2faec^	^a52c94798db8f56183a49cce955d9b76^	^1^	^1^	^index.php?cl=details&amp;anid=ed6573c0259d6a6fb641d106dcb2faec&amp;cnid=0f4270b89fbef1481958381410a0dbca^	^en/Wakeboarding/Wakeboards/Wakeboard-GROOVE.html^	^oxarticle^	^0^	^0^	^0f4270b89fbef1481958381410a0dbca^	^2017-12-21 11:27:11^
^e5340b054530ea779fb1802e93c8183e^	^a6b775aec57d06b46a958efbafdc7875^	^1^	^1^	^index.php?cl=invite^	^en/Invite-your-friends/^	^static^	^0^	^0^	^^	^2017-12-21 11:27:11^
^9300d5d75f2eef79569d3b4645f858c1^	^a7d2153c7f406d3bc03f6b1169acfaed^	^1^	^1^	^?cl=rss&amp;fnc=catarts&amp;cat=943a9ba3050e78b443c16e043ae60ef3^	^en/rss/Category/Kiteboarding/^	^dynamic^	^0^	^0^	^^	^2018-11-20 20:13:12^
^ace1e168a1e8183a2aa79c2243171a29^	^a7d5ab5a4e87693998c5aec066dda6e6^	^1^	^0^	^index.php?cl=account_user^	^meine-adressen/^	^static^	^0^	^0^	^^	^2017-12-21 11:27:11^
^f4f2d8eee51b0fd5eb60a46dff1166d8^	^a978b1c1182f0c3951d39a90cb64a7e2^	^1^	^0^	^index.php?cl=details&amp;anid=f4f2d8eee51b0fd5eb60a46dff1166d8&amp;cnid=0f41a4463b227c437f6e6bf57b1697c4^	^Kiteboarding/Trapeze/Trapez-ION-SOL-KITE-2011.html^	^oxarticle^	^0^	^0^	^0f41a4463b227c437f6e6bf57b1697c4^	^2017-12-21 11:27:11^
^0563ce7f6a400737ce0e1c2b2c733e49^	^a9afb500184c584fb5ab2ad9b4162e96^	^1^	^0^	^index.php?cl=forgotpwd^	^passwort-vergessen/^	^static^	^0^	^0^	^^	^2017-12-21 11:27:11^
^5784bdb07f77e257a1cdfd1fa03d4342^	^ac86c71832488d13f45958277bdbaa9f^	^1^	^0^	^index.php?cl=tag&amp;searchtag=caliber^	^tag/caliber/^	^dynamic^	^0^	^0^	^^	^2017-12-21 11:27:11^
^98964bf04c7edae2d658c5f3b3233ca1^	^acddcfef9c25bcae3b96eb00669541ff^	^1^	^0^	^index.php?cl=register^	^konto-eroeffnen/^	^static^	^0^	^0^	^^	^2017-12-21 11:27:11^
^oia9ff5c96f1f29d527b61202ece0829^	^ad8104b223b9e50181092a459a01c969^	^1^	^0^	^index.php?cl=alist&amp;cnid=oia9ff5c96f1f29d527b61202ece0829^	^Downloads/^	^oxcategory^	^0^	^0^	^^	^2017-12-21 11:27:11^
^b56369b1fc9d7b97f9c5fc343b349ece^	^ae73ed7fc6d478cb4272bbec528c71ab^	^1^	^1^	^index.php?cl=details&amp;anid=b56369b1fc9d7b97f9c5fc343b349ece&amp;cnid=0f4fb00809cec9aa0910aa9c8fe36751^	^en/Kiteboarding/Kites/Kite-CORE-GTS.html^	^oxarticle^	^0^	^0^	^0f4fb00809cec9aa0910aa9c8fe36751^	^2017-12-21 11:27:11^
^6b6b09a02f3c78adb5771bce215ec265^	^ae761da2be8d58e952c2bc37304322d6^	^1^	^1^	^index.php?cl=details&amp;anid=6b6b09a02f3c78adb5771bce215ec265&amp;cnid=d86779840626d3ab8263b62db85df3f0^	^en/Gear/Fashion/For-Her/Shirts-Co/Kuyichi-Longsleeve-Lani.html^	^oxarticle^	^0^	^0^	^d86779840626d3ab8263b62db85df3f0^	^2018-11-22 13:16:24^
^fad7facadcb7d4297f033d242aa0d310^	^b16db3706c3c4d2e0311671681daad08^	^1^	^1^	^index.php?cl=alist&amp;cnid=fad7facadcb7d4297f033d242aa0d310^	^en/Gear/Fashion/For-Him/^	^oxcategory^	^0^	^0^	^^	^2018-11-20 20:10:04^
^7875a959432bc017f3e927a09ff2a778^	^b1af366a8834b36eb1dc4fba911c67e2^	^1^	^0^	^index.php?cl=tag&amp;searchtag=2010^	^tag/2010/^	^dynamic^	^0^	^0^	^^	^2017-12-21 11:27:11^
^d866060a82d29bc94db20bdfd0e73713^	^b267043c3b8ab4110ece07bcd09c5ffd^	^1^	^1^	^index.php?cl=details&amp;anid=d866060a82d29bc94db20bdfd0e73713&amp;cnid=d86d90e4b441aa3f0004dcda5ba5bb38^	^en/Wakeboarding/Sets/Set-O-BRIEN-VICE-2010.html^	^oxarticle^	^0^	^0^	^d86d90e4b441aa3f0004dcda5ba5bb38^	^2018-11-22 13:26:30^
^adc6df0977329923a6330cc8f3c0a906^	^b4824e58bb3bfee24f6d5bdc27f5006e^	^1^	^1^	^index.php?cl=manufacturerlist&amp;mnid=adc6df0977329923a6330cc8f3c0a906^	^en/By-Manufacturer/Liquid-Force-Kite/^	^oxmanufacturer^	^0^	^0^	^^	^2017-12-21 11:27:11^
^d8631f92ababb452139f222afb81cd36^	^b519f4168160504f5054af5b4f402704^	^1^	^1^	^index.php?cl=details&amp;anid=d8631f92ababb452139f222afb81cd36&amp;cnid=0f4f08358666c54b4fde3d83d2b7ef04^	^en/Kiteboarding/Kiteboards/Kiteboard-NAISH-MOMENTUM.html^	^oxarticle^	^0^	^0^	^0f4f08358666c54b4fde3d83d2b7ef04^	^2018-09-19 11:41:20^
^fadbdb3145458afc5aa4dbf7eb906761^	^b6d965df8342095177c3bc697ff79019^	^1^	^0^	^index.php?cl=alist&amp;cnid=fadbdb3145458afc5aa4dbf7eb906761^	^Bekleidung/Fashion/Fuer-Sie/^	^oxcategory^	^0^	^0^	^^	^2017-12-21 11:27:11^
^1ea45574543b21636.29288751^	^b914c7bc2a782ad879f09eb654122cf3^	^1^	^0^	^index.php?cl=content&amp;oxloadid=oxrightofwithdrawal&amp;oxcid=1ea45574543b21636.29288751^	^Widerrufsrecht/^	^oxcontent^	^0^	^0^	^^	^2017-12-21 11:27:11^
^f6bd7f77caae70afad276584caa6450a^	^b93b703d313e89662773cffaab750f1d^	^1^	^1^	^index.php?cl=wishlist^	^en/gift-registry/^	^static^	^0^	^0^	^^	^2017-12-21 11:27:11^
^fad2d80baf7aca6ac54e819e066f24aa^	^ba1ee4a78004a3228b859f481cb7f780^	^1^	^0^	^index.php?cl=alist&amp;cnid=fad2d80baf7aca6ac54e819e066f24aa^	^Bekleidung/Sportswear/Neopren/^	^oxcategory^	^0^	^0^	^^	^2017-12-21 11:27:11^
^90a8a18dd0cf0e7aec5238f30e1c6106^	^ba52329ea965dc5fb2f94dc05b75cfe7^	^1^	^1^	^index.php?cl=manufacturerlist&amp;mnid=90a8a18dd0cf0e7aec5238f30e1c6106^	^en/By-Manufacturer/Naish/^	^oxmanufacturer^	^0^	^0^	^^	^2017-12-21 11:27:11^
^05c0f9a36dc4eaf3df528f0da18664d8^	^baa3b653a618696b06c70a6dda95ebde^	^1^	^0^	^index.php?cl=account_recommlist^	^meine-lieblingslisten/^	^static^	^0^	^0^	^^	^2017-12-21 11:27:11^
^7f519d51482d018f3e0bb597c5a666ac^	^bcaf370bb77f93c8f2fa4043c9da57df^	^1^	^1^	^?cl=rss&amp;fnc=newarts^	^en/rss/OXID-eShop-6/Recent-products-in-shop/^	^dynamic^	^0^	^0^	^^	^2018-09-19 11:41:04^
^fadbdb3145458afc5aa4dbf7eb906761^	^bf87709ec57983f990aff4eb6b074a5e^	^1^	^1^	^index.php?cl=alist&amp;cnid=fadbdb3145458afc5aa4dbf7eb906761^	^en/Gear/Fashion/For-Her/^	^oxcategory^	^0^	^0^	^^	^2017-12-21 11:27:11^
^1074279e67a85f5b1.96907412^	^c06f5fa58d5afc3db7e54996528e8bdc^	^1^	^0^	^index.php?cl=content&amp;oxloadid=oxorderinfo&amp;oxcid=1074279e67a85f5b1.96907412^	^Wie-bestellen/^	^oxcontent^	^0^	^0^	^^	^2017-12-21 11:27:11^
^2eb4676806a3d2e87.06076523^	^c0e5670e15fe3235dd7fd9b6e343a074^	^1^	^0^	^index.php?cl=content&amp;oxloadid=oxagb&amp;oxcid=2eb4676806a3d2e87.06076523^	^AGB/^	^oxcontent^	^0^	^0^	^^	^2017-12-21 11:27:11^
^3a909e7c886063857e86982c7a3c5b84^	^c11c29d926de486b5ce80520da25e47b^	^1^	^0^	^index.php?cl=manufacturerlist&amp;mnid=3a909e7c886063857e86982c7a3c5b84^	^Nach-Hersteller/Mauirippers/^	^oxmanufacturer^	^0^	^0^	^^	^2017-12-21 11:27:11^
^1074279e67a85f5b1.96907412^	^c1298d664559e5c887e3e18c7cda5133^	^1^	^1^	^index.php?cl=content&amp;oxloadid=oxorderinfo&amp;oxcid=1074279e67a85f5b1.96907412^	^en/How-to-order/^	^oxcontent^	^0^	^0^	^^	^2017-12-21 11:27:11^
^d86236918e1533cccb679208628eda32^	^c1680af3adeb8d6e28c5c5e6b6191fc5^	^1^	^1^	^index.php?cl=details&amp;anid=d86236918e1533cccb679208628eda32&amp;cnid=fc7e7bd8403448f00a363f60f44da8f2^	^en/Kiteboarding/Supplies/Smart-Loop-NAISH.html^	^oxarticle^	^0^	^0^	^fc7e7bd8403448f00a363f60f44da8f2^	^2018-11-20 19:10:51^
^c8a08539fc7804b6f61efd869b8589d7^	^c26fa6cefa67348d8904b6b82553373a^	^1^	^1^	^?cl=rss&amp;fnc=topshop^	^en/rss/OXID-eShop-6/Top-of-the-shop/^	^dynamic^	^0^	^0^	^^	^2018-09-19 11:41:04^
^c71c50f5443d85b37a013420857e83e7^	^c552cb8718cde5cb792e181f78f5fde1^	^1^	^0^	^index.php?cl=download^	^download/^	^static^	^0^	^0^	^^	^2017-12-21 11:27:11^
^d86236918e1533cccb679208628eda32^	^c62808f6e61ece8c40dd5eac227d0421^	^1^	^0^	^index.php?cl=details&amp;anid=d86236918e1533cccb679208628eda32&amp;cnid=fc7e7bd8403448f00a363f60f44da8f2^	^Kiteboarding/Zubehoer/Smart-Loop-NAISH.html^	^oxarticle^	^0^	^0^	^fc7e7bd8403448f00a363f60f44da8f2^	^2017-12-21 11:27:11^
^453c8d10ab44c519bcaadf6de64f18f6^	^c70031a1993329b9fb6c7ad9eb51754c^	^1^	^0^	^index.php?cl=tag&amp;searchtag=sicherheit^	^tag/sicherheit/^	^dynamic^	^0^	^0^	^^	^2017-12-21 11:27:11^
^882acc7454f973844d4917515181dcba^	^c74bbaf961498de897ba7eb98fea8274^	^1^	^1^	^index.php?cl=account_downloads^	^en/my-downloads/^	^static^	^0^	^0^	^^	^2017-12-21 11:27:11^
^058de8224773a1d5fd54d523f0c823e0^	^c815781a787b8af1ee1ca1cdb0397dc7^	^1^	^1^	^index.php?cl=details&amp;anid=058de8224773a1d5fd54d523f0c823e0&amp;cnid=0f4f08358666c54b4fde3d83d2b7ef04^	^en/Kiteboarding/Kiteboards/Kiteboard-CABRINHA-CALIBER-2011.html^	^oxarticle^	^0^	^0^	^0f4f08358666c54b4fde3d83d2b7ef04^	^2017-12-21 11:27:11^
^0f41a4463b227c437f6e6bf57b1697c4^	^cc261e7362dda23332f6ae32af22ce6c^	^1^	^0^	^index.php?cl=alist&amp;cnid=0f41a4463b227c437f6e6bf57b1697c4^	^Kiteboarding/Trapeze/^	^oxcategory^	^0^	^0^	^^	^2017-12-21 11:27:11^
^6d9b5b3ee58bca1bd7be188f71e80ef2^	^cc28156a4f728c1b33e7e02fd846628e^	^1^	^0^	^index.php?cl=review^	^bewertungen/^	^static^	^0^	^0^	^^	^2017-12-21 11:27:11^
^ab459c0dc911137e9cc024d9fba5a68b^	^ccca27059506a916fb64d673a5dd676b^	^1^	^0^	^index.php?cl=start^	^startseite/^	^static^	^0^	^0^	^^	^2017-12-21 11:27:11^
^05848170643ab0deb9914566391c0c63^	^d27c8f0b28d9a14937fe5a73fb1bc6f6^	^1^	^0^	^index.php?cl=details&amp;anid=05848170643ab0deb9914566391c0c63&amp;cnid=0f41a4463b227c437f6e6bf57b1697c4^	^Kiteboarding/Trapeze/Trapez-ION-MADTRIXX.html^	^oxarticle^	^0^	^0^	^0f41a4463b227c437f6e6bf57b1697c4^	^2017-12-21 11:27:11^
^2eb46767947d21851.22681675^	^d3df023041bb144df4fd756a27d01d44^	^1^	^0^	^index.php?cl=content&amp;oxloadid=oximpressum&amp;oxcid=2eb46767947d21851.22681675^	^Impressum/^	^oxcontent^	^0^	^0^	^^	^2017-12-21 11:27:11^
^e7a0b1906e0d94e05693f06b0b6fcc32^	^d40021641fafc75fa8ec87c82f774ac7^	^1^	^1^	^index.php?cl=recommlist&amp;recommid=e7a0b1906e0d94e05693f06b0b6fcc32^	^en/Kite-Equipment/^	^dynamic^	^0^	^0^	^^	^2018-11-20 15:33:56^
^ed6a4182ae58874e4fdaa4775566af6c^	^d43277547ee2fc82ccba2582da71a01f^	^1^	^1^	^index.php?cl=details&amp;anid=ed6a4182ae58874e4fdaa4775566af6c&amp;cnid=0f4270b89fbef1481958381410a0dbca^	^en/Wakeboarding/Wakeboards/Wakeboard-S4.html^	^oxarticle^	^0^	^0^	^0f4270b89fbef1481958381410a0dbca^	^2018-11-02 14:18:59^
^0f4f08358666c54b4fde3d83d2b7ef04^	^d4fc5ddf9689aa214fca32a178325ff0^	^1^	^0^	^index.php?cl=alist&amp;cnid=0f4f08358666c54b4fde3d83d2b7ef04^	^Kiteboarding/Kiteboards/^	^oxcategory^	^0^	^0^	^^	^2017-12-21 11:27:11^
^965acb9a653478a186e55468c6df7406^	^d50c753d406338d92f52fe55de1e98dd^	^1^	^1^	^index.php?cl=clearcookies^	^en/cookies/^	^static^	^0^	^0^	^^	^2017-12-21 11:27:11^
^193b708f32825042a7a922675587d82d^	^d6802f0481464d22cd49f23aa29578af^	^1^	^1^	^?cl=rss&amp;fnc=catarts&amp;cat=0f40c6a077b68c21f164767c4a903fd2^	^en/rss/Category/Bindings/^	^dynamic^	^0^	^0^	^^	^2018-11-22 13:16:30^
^ca723d52e375734c1ac5b508755fb6cb^	^d82cef46de97a9634eb7011d23c07f14^	^1^	^1^	^?cl=rss&amp;fnc=catarts&amp;cat=oia9ff5c96f1f29d527b61202ece0829^	^en/rss/Category/Downloads/^	^dynamic^	^0^	^0^	^^	^2018-11-22 14:46:54^
^b5666b6d4bcb67c61dee4887bfba8351^	^da078e083ecdd6f3ec6be269e48a8835^	^1^	^0^	^index.php?cl=details&amp;anid=b5666b6d4bcb67c61dee4887bfba8351&amp;cnid=0f4fb00809cec9aa0910aa9c8fe36751^	^Kiteboarding/Kites/Kite-CORE-RIOT-XR.html^	^oxarticle^	^0^	^0^	^0f4fb00809cec9aa0910aa9c8fe36751^	^2017-12-21 11:27:11^
^fadcb6dd70b9f6248efa425bd159684e^	^da1efd7ef8bb693e9647a70d625ac807^	^1^	^1^	^index.php?cl=alist&amp;cnid=fadcb6dd70b9f6248efa425bd159684e^	^en/Special-Offers/^	^oxcategory^	^0^	^0^	^^	^2017-12-21 11:27:11^
^fadcb6dd70b9f6248efa425bd159684e^	^da604264337129948075df9eb621e81b^	^1^	^0^	^index.php?cl=alist&amp;cnid=fadcb6dd70b9f6248efa425bd159684e^	^Angebote/^	^oxcategory^	^0^	^0^	^^	^2017-12-21 11:27:11^
^d9e2733ffcdd46ae6f56185dfbecf302^	^da78051fd2717636249d4677ae05bbf5^	^1^	^1^	^?cl=rss&amp;fnc=searcharts^	^en/rss/Search/^	^dynamic^	^0^	^0^	^^	^2018-11-19 17:02:05^
^oiaf6ab7e12e86291e86dd3ff891fe40^	^dc84430f5673d3c1a560d19fffc3b1fc^	^1^	^0^	^index.php?cl=manufacturerlist&amp;mnid=oiaf6ab7e12e86291e86dd3ff891fe40^	^Nach-Hersteller/O-Reilly/^	^oxmanufacturer^	^0^	^0^	^^	^2017-12-21 11:27:11^
^0584e8b766a4de2177f9ed11d1587f55^	^dd46155a45dd45eb2300e80b5650bc58^	^1^	^0^	^index.php?cl=details&amp;anid=0584e8b766a4de2177f9ed11d1587f55&amp;cnid=fc7e7bd8403448f00a363f60f44da8f2^	^Kiteboarding/Zubehoer/Klebeband-DACRON-KITEFIX.html^	^oxarticle^	^0^	^0^	^fc7e7bd8403448f00a363f60f44da8f2^	^2017-12-21 11:27:11^
^d86779840626d3ab8263b62db85df3f0^	^de14b95e8925d4ed9f9f9e44ed05e70b^	^1^	^1^	^index.php?cl=alist&amp;cnid=d86779840626d3ab8263b62db85df3f0^	^en/Gear/Fashion/For-Her/Shirts-Co/^	^oxcategory^	^0^	^0^	^^	^2018-11-20 20:10:04^
^fadc492a5807c56eb80b0507accd756b^	^e0800a081bd0b8b71f199b9793ffe49b^	^1^	^1^	^index.php?cl=details&amp;anid=fadc492a5807c56eb80b0507accd756b&amp;cnid=0f4fb00809cec9aa0910aa9c8fe36751^	^en/Kiteboarding/Kites/Kite-SPLEENE-SP-X-2010.html^	^oxarticle^	^0^	^0^	^0f4fb00809cec9aa0910aa9c8fe36751^	^2017-12-21 11:27:11^
^057ef382f23bdbb84991d049af2baba9^	^e0dd29a75947539da6b1924d31c9849f^	^1^	^0^	^index.php?cl=compare^	^mein-produktvergleich/^	^static^	^0^	^0^	^^	^2017-12-21 11:27:11^
^d3d9e8107af82d038f13908a971fb279^	^e25d782f5750dd3d912fc5df31ba31ed^	^1^	^0^	^?cl=rss&amp;fnc=topshop^	^rss/OXID-eShop-4/Top-of-the-Shop/^	^dynamic^	^0^	^0^	^^	^2017-12-21 11:27:11^
^b56369b1fc9d7b97f9c5fc343b349ece^	^e4609f43825bd4a2a6524b98e85dc168^	^1^	^0^	^index.php?cl=details&amp;anid=b56369b1fc9d7b97f9c5fc343b349ece&amp;cnid=0f4fb00809cec9aa0910aa9c8fe36751^	^Kiteboarding/Kites/Kite-CORE-GTS.html^	^oxarticle^	^0^	^0^	^0f4fb00809cec9aa0910aa9c8fe36751^	^2017-12-21 11:27:11^
^058e613db53d782adfc9f2ccb43c45fe^	^e4c9dbd5efb95f6874340c9a9ddc2138^	^1^	^1^	^index.php?cl=details&amp;anid=058e613db53d782adfc9f2ccb43c45fe&amp;cnid=0f40c6a077b68c21f164767c4a903fd2^	^en/Wakeboarding/Bindings/Binding-O-BRIEN-DECADE-CT-2010.html^	^oxarticle^	^0^	^0^	^0f40c6a077b68c21f164767c4a903fd2^	^2018-11-20 20:10:03^
^875880994568420fcc8407245e5b6e24^	^e54ffe180546f8cf84750ed1e0db0225^	^1^	^0^	^index.php?cl=tag&amp;searchtag=gt^	^tag/gt/^	^dynamic^	^0^	^0^	^^	^2017-12-21 11:27:11^
^56ebd65f4a7cc25de1dc1f7cf15591fb^	^e5a8de0e49e91c5728eadfcb233bdbd1^	^1^	^1^	^index.php?cl=news^	^en/news/^	^static^	^0^	^0^	^^	^2017-12-21 11:27:11^
^e56acdd347b0516f68a0afdd811e2382^	^e604233c5a2804d21ec0252a445e93d3^	^1^	^0^	^index.php?cl=newsletter^	^newsletter/^	^static^	^0^	^0^	^^	^2017-12-21 11:27:11^
^38efc02f0f6b6a6d54cfef1fcdb99d70^	^e6331d115f5323610c639ef2f0369f8a^	^1^	^0^	^index.php?cl=basket^	^warenkorb/^	^static^	^0^	^0^	^^	^2017-12-21 11:27:11^
^d86d90e4b441aa3f0004dcda5ba5bb38^	^e7fd30910e5de13f7aa42e7a84269a3b^	^1^	^0^	^index.php?cl=alist&amp;cnid=d86d90e4b441aa3f0004dcda5ba5bb38^	^Wakeboarding/Sets/^	^oxcategory^	^0^	^0^	^^	^2017-12-21 11:27:11^
^1ea45574543b21636.29288751^	^e91d3f4809b713664045f30d900b789a^	^1^	^1^	^index.php?cl=content&amp;oxloadid=oxrightofwithdrawal&amp;oxcid=1ea45574543b21636.29288751^	^en/Right-of-Withdrawal/^	^oxcontent^	^0^	^0^	^^	^2017-12-21 11:27:11^
^fc71f70c3398ee4c2cdd101494087185^	^e9efda1cf2ebae736bc04d2423b0519f^	^1^	^1^	^index.php?cl=details&amp;anid=fc71f70c3398ee4c2cdd101494087185&amp;cnid=fadcb6dd70b9f6248efa425bd159684e^	^en/Special-Offers/Sticker-set-MIX.html^	^oxarticle^	^0^	^0^	^fadcb6dd70b9f6248efa425bd159684e^	^2018-11-23 15:55:29^
^610f7fc243c7409cb5448b30029431fe^	^eb692d07ec8608d943db0a3bca29c4ce^	^1^	^0^	^index.php?cl=account_order^	^bestellhistorie/^	^static^	^0^	^0^	^^	^2017-12-21 11:27:11^
^38efc02f0f6b6a6d54cfef1fcdb99d70^	^ecaf0240f9f46bbee5ffc6dd73d0b7f0^	^1^	^1^	^index.php?cl=basket^	^en/cart/^	^static^	^0^	^0^	^^	^2017-12-21 11:27:11^
^b56c560872da93602ff88c7267eb4774^	^ed2404dd136844e0af74ff7efb235575^	^1^	^1^	^index.php?cl=details&amp;anid=b56c560872da93602ff88c7267eb4774&amp;cnid=0f4fb00809cec9aa0910aa9c8fe36751^	^en/Kiteboarding/Kites/Kite-NAISH-PARK-2011.html^	^oxarticle^	^0^	^0^	^0f4fb00809cec9aa0910aa9c8fe36751^	^2018-11-20 15:33:35^
^d86fdf0d67bf76dc427aabd2e53e0a97^	^ef711e4c879f57cfde00e32554b70ee1^	^1^	^1^	^index.php?cl=alist&amp;cnid=d86fdf0d67bf76dc427aabd2e53e0a97^	^en/Gear/Sportswear/Neoprene/Shoes/^	^oxcategory^	^0^	^0^	^^	^2018-11-22 13:16:17^
^0f4f08358666c54b4fde3d83d2b7ef04^	^ef718f62ae7f8ec20bd69ac89f53dceb^	^1^	^1^	^index.php?cl=alist&amp;cnid=0f4f08358666c54b4fde3d83d2b7ef04^	^en/Kiteboarding/Kiteboards/^	^oxcategory^	^0^	^0^	^^	^2017-12-21 11:27:11^
^0f4fb00809cec9aa0910aa9c8fe36751^	^f0bc3af06bac380229c6ceb16fb265d9^	^1^	^1^	^index.php?cl=alist&amp;cnid=0f4fb00809cec9aa0910aa9c8fe36751^	^en/Kiteboarding/Kites/^	^oxcategory^	^0^	^0^	^^	^2017-12-21 11:27:11^
^30e44ab83fdee7564.23264141^	^f119f346da67494a7df5a659e70c985a^	^1^	^1^	^index.php?cl=alist&amp;cnid=30e44ab83fdee7564.23264141^	^en/Gear/^	^oxcategory^	^0^	^0^	^^	^2017-12-21 11:27:11^
^6b6ac464656c16c90d671721c93dc6ba^	^f142877c1df30ccf268eea49fa70b7ff^	^1^	^1^	^index.php?cl=details&amp;anid=6b6ac464656c16c90d671721c93dc6ba&amp;cnid=d86779840626d3ab8263b62db85df3f0^	^en/Gear/Fashion/For-Her/Shirts-Co/Stewart-Brown-Lace-Scoop-Neck-Tee.html^	^oxarticle^	^0^	^0^	^d86779840626d3ab8263b62db85df3f0^	^2018-11-22 13:16:24^
^882acc7454f973844d4917515181dcba^	^f1c7ccb53fc8d6f239b39d2fc2b76829^	^1^	^0^	^index.php?cl=account_downloads^	^de/my-downloads/^	^static^	^0^	^0^	^^	^2017-12-21 11:27:11^
^90a8a18dd0cf0e7aec5238f30e1c6106^	^f43a56850960a9b53ab1cbccbf56602a^	^1^	^0^	^index.php?cl=manufacturerlist&amp;mnid=90a8a18dd0cf0e7aec5238f30e1c6106^	^Nach-Hersteller/Naish/^	^oxmanufacturer^	^0^	^0^	^^	^2017-12-21 11:27:11^
^0584e8b766a4de2177f9ed11d1587f55^	^f7d58c67b8de03befcb5eafc19ee59ff^	^1^	^1^	^index.php?cl=details&amp;anid=0584e8b766a4de2177f9ed11d1587f55&amp;cnid=fc7e7bd8403448f00a363f60f44da8f2^	^en/Kiteboarding/Supplies/Sticky-Tape-DACRON-KITEFIX.html^	^oxarticle^	^0^	^0^	^fc7e7bd8403448f00a363f60f44da8f2^	^2018-11-20 15:33:56^
^343c043546b3d653647e75d2e246ce94^	^f80ace8f87e1d7f446ab1fa58f275f4c^	^1^	^1^	^index.php?cl=links^	^en/links/^	^static^	^0^	^0^	^^	^2017-12-21 11:27:11^
^943173edecf6d6870a0f357b8ac84d32^	^f8335c84c1daa5b13657124f45c0e08b^	^1^	^0^	^index.php?cl=alist&amp;cnid=943173edecf6d6870a0f357b8ac84d32^	^Wakeboarding/^	^oxcategory^	^0^	^0^	^^	^2017-12-21 11:27:11^
^90a0b84564cde2394491df1c673b6aa0^	^f8bf0f5a993bf218448addc5c6bebd71^	^1^	^1^	^index.php?cl=manufacturerlist&amp;mnid=90a0b84564cde2394491df1c673b6aa0^	^en/By-Manufacturer/ION/^	^oxmanufacturer^	^0^	^0^	^^	^2017-12-21 11:27:11^
^04abcb465a8d3a4441df4c480838d23d^	^f9d1a02ab749dc360c4e21f21de1beaf^	^1^	^0^	^index.php?cl=contact^	^kontakt/^	^static^	^0^	^0^	^^	^2017-12-21 11:27:11^
^f4f73033cf5045525644042325355732^	^faa7365d85f99ab2e7ae2b508dcacc0a^	^1^	^0^	^index.php?cl=details&amp;anid=f4f73033cf5045525644042325355732&amp;cnid=fadcb6dd70b9f6248efa425bd159684e^	^Angebote/Transportcontainer-THE-BARREL.html^	^oxarticle^	^0^	^0^	^fadcb6dd70b9f6248efa425bd159684e^	^2017-12-21 11:27:11^
^0f4270b89fbef1481958381410a0dbca^	^fad614c0f4922228623ae0696b55481f^	^1^	^1^	^index.php?cl=alist&amp;cnid=0f4270b89fbef1481958381410a0dbca^	^en/Wakeboarding/Wakeboards/^	^oxcategory^	^1^	^0^	^^	^2017-12-21 11:27:11^
